Workbook

Sheet Dashboard
C3: Training Desk Dashboard
C8: Refresher Training | E8: First Aid Training | G8: Fire Fighting | I8: Supervisor Training
C11: OEM Training | E11: Service Training
E14: Compliance Dashboard

Sheet Refresher
A1: << Back to Dashboard
A3: Pers No | B3: Name | C3: Designation | D3: Department | E3: Refresher Last Date | F3: Refresher Expiry Date | G3: Due Alert
A4: 10395 | B4: Danguru Saunta | C4: Semiskilled Worker Gr.II | D4: ADMINISTRATION | F4: =IF(ISBLANK(E4), "", EDATE(E4, 60)) | G4: =IF(ISBLANK(F4), "", IF(TODAY()>=EDATE(F4, -1), "Due", "Valid")) -> #VALUE!
A5: 9311 | B5: Satyaban Nayak@Mali | C5: Sr.Semiskilled Worker Gr.II | D5: ADMINISTRATION | E5: 45292 | F5: =IF(ISBLANK(E5), "", EDATE(E5, 60)) -> 47119 | G5: =IF(ISBLANK(F5), "", IF(TODAY()>=EDATE(F5, -1), "Due", "Valid")) -> Valid
A6: 9504 | B6: Mohan Khora | C6: Sr.Semiskilled Worker Gr.II | D6: ADMINISTRATION | E6: 45292 | F6: =IF(ISBLANK(E6), "", EDATE(E6, 60)) -> 47119 | G6: =IF(ISBLANK(F6), "", IF(TODAY()>=EDATE(F6, -1), "Due", "Valid")) -> Valid
A7: 9310 | B7: Chandra Sekhar Lamta | C7: Sr.Semisilled Worker Gr.I | D7: ADMINISTRATION | E7: 45292 | F7: =IF(ISBLANK(E7), "", EDATE(E7, 60)) -> 47119 | G7: =IF(ISBLANK(F7), "", IF(TODAY()>=EDATE(F7, -1), "Due", "Valid")) -> Valid
A8: 9899 | B8: Kamulu Gouda | C8: Technician(Civil) Gr.I | D8: CIVIL | E8: 44562 | F8: =IF(ISBLANK(E8), "", EDATE(E8, 60)) -> 46388 | G8: =IF(ISBLANK(F8), "", IF(TODAY()>=EDATE(F8, -1), "Due", "Valid")) -> Valid
A9: 8137 | B9: Gora Dami | C9: Technician(Electrical) Gr.I | D9: ELECTRICAL | E9: 45658 | F9: =IF(ISBLANK(E9), "", EDATE(E9, 60)) -> 47484 | G9: =IF(ISBLANK(F9), "", IF(TODAY()>=EDATE(F9, -1), "Due", "Valid")) -> Valid
A10: 9905 | B10: Shrabana Kumar Mohanta | C10: Technician(Electrical) Gr.I | D10: ELECTRICAL | E10: 44927 | F10: =IF(ISBLANK(E10), "", EDATE(E10, 60)) -> 46753 | G10: =IF(ISBLANK(F10), "", IF(TODAY()>=EDATE(F10, -1), "Due", "Valid")) -> Valid
A11: 9906 | B11: Laxman Chakie | C11: Technician(Electrical) Gr.I | D11: ELECTRICAL | E11: 44562 | F11: =IF(ISBLANK(E11), "", EDATE(E11, 60)) -> 46388 | G11: =IF(ISBLANK(F11), "", IF(TODAY()>=EDATE(F11, -1), "Due", "Valid")) -> Valid
A12: 7242 | B12: Bhima Mali | C12: Sr.Technician(Instrument) Gr.II | D12: E&I | E12: 44927 | F12: =IF(ISBLANK(E12), "", EDATE(E12, 60)) -> 46753 | G12: =IF(ISBLANK(F12), "", IF(TODAY()>=EDATE(F12, -1), "Due", "Valid")) -> Valid
A13: 9268 | B13: Rasananda Soy | C13: Chargeman Gr.III | D13: ELECTRICAL | E13: 44501 | F13: =IF(ISBLANK(E13), "", EDATE(E13, 60)) -> 46327 | G13: =IF(ISBLANK(F13), "", IF(TODAY()>=EDATE(F13, -1), "Due", "Valid")) -> Valid
A14: 9269 | B14: Rajendra Kumar Maharana | C14: Chargeman Gr.III | D14: ELECTRICAL | E14: 44531 | F14: =IF(ISBLANK(E14), "", EDATE(E14, 60)) -> 46357 | G14: =IF(ISBLANK(F14), "", IF(TODAY()>=EDATE(F14, -1), "Due", "Valid")) -> Valid
A15: 9271 | B15: Kshirasindhu Sahu | C15: Chargeman Gr.III | D15: ELECTRICAL | E15: 45658 | F15: =IF(ISBLANK(E15), "", EDATE(E15, 60)) -> 47484 | G15: =IF(ISBLANK(F15), "", IF(TODAY()>=EDATE(F15, -1), "Due", "Valid")) -> Valid
A16: 9274 | B16: Sk Saukat Alli | C16: Chargeman Gr.III | D16: ELECTRICAL | E16: 44470 | F16: =IF(ISBLANK(E16), "", EDATE(E16, 60)) -> 46296 | G16: =IF(ISBLANK(F16), "", IF(TODAY()>=EDATE(F16, -1), "Due", "Valid")) -> Due
... A25: 7248 | B25: Sanjaya Kumar Sahu | C25: Chargeman Gr.I | D25: E&I | E25: 44562 | F25: =IF(ISBLANK(E25), "", EDATE(E25, 60)) -> 46388 | G25: =IF(ISBLANK(F25), "", IF(TODAY()>=EDATE(F25, -1), "Due", "Valid")) -> Valid
A26: 11047 | B26: Muna Kandhapan | C26: SUPT/SOT | D26: ELECTRICAL | F26: =IF(ISBLANK(E26), "", EDATE(E26, 60)) | G26: =IF(ISBLANK(F26), "", IF(TODAY()>=EDATE(F26, -1), "Due", "Valid")) -> #VALUE!
A27: 11337 | B27: Satya Narayan Sahu | C27: SUPT (JOT)-Electrical | D27: ELECTRICAL | F27: =IF(ISBLANK(E27), "", EDATE(E27, 60)) | G27: =IF(ISBLANK(F27), "", IF(TODAY()>=EDATE(F27, -1), "Due", "Valid")) -> #VALUE!
A28: 11338 | B28: Anuj Kumar | C28: SUPT (JOT)-Electrical | D28: ELECTRICAL | F28: =IF(ISBLANK(E28), "", EDATE(E28, 60)) | G28: =IF(ISBLANK(F28), "", IF(TODAY()>=EDATE(F28, -1), "Due", "Valid")) -> #VALUE!
A29: 11342 | B29: Kishor Chandra Pradhan | C29: SUPT (JOT)-Electrical | D29: ELECTRICAL | F29: =IF(ISBLANK(E29), "", EDATE(E29, 60)) | G29: =IF(ISBLANK(F29), "", IF(TODAY()>=EDATE(F29, -1), "Due", "Valid")) -> #VALUE!
A30: 11344 | B30: Sibaprasad Santra | C30: SUPT (JOT)-Electrical | D30: ELECTRICAL | F30: =IF(ISBLANK(E30), "", EDATE(E30, 60)) | G30: =IF(ISBLANK(F30), "", IF(TODAY()>=EDATE(F30, -1), "Due", "Valid")) -> #VALUE!
A31: 11264 | B31: Chitru Kadia | C31: SUPT(OPTADEF) | D31: ELECTRICAL | F31: =IF(ISBLANK(E31), "", EDATE(E31, 60)) | G31: =IF(ISBLANK(F31), "", IF(TODAY()>=EDATE(F31, -1), "Due", "Valid")) -> #VALUE!
A32: 10132 | B32: Naresh Kumar Bagh | C32: Semiskilled Worker Gr.I | D32: FINANCE & ACCOUNTS | F32: =IF(ISBLANK(E32), "", EDATE(E32, 60)) | G32: =IF(ISBLANK(F32), "", IF(TODAY()>=EDATE(F32, -1), "Due", "Valid")) -> #VALUE!
A33: 10584 | B33: Madhab Nayak | C33: Technician (Mechanical) Gr. III | D33: GEOLOGY | F33: =IF(ISBLANK(E33), "", EDATE(E33, 60)) | G33: =IF(ISBLANK(F33), "", IF(TODAY()>=EDATE(F33, -1), "Due", "Valid")) -> #VALUE!
A34: 9910 | B34: Swagatika Behera | C34: Geological Assistant Gr.II | D34: GEOLOGY | F34: =IF(ISBLANK(E34), "", EDATE(E34, 60)) | G34: =IF(ISBLANK(F34), "", IF(TODAY()>=EDATE(F34, -1), "Due", "Valid")) -> #VALUE!
A35: 10027 | B35: Gagan Chhati | C35: Operator(HEMM) Gr.II | D35: GEOLOGY | E35: 44927 | F35: =IF(ISBLANK(E35), "", EDATE(E35, 60)) -> 46753 | G35: =IF(ISBLANK(F35), "", IF(TODAY()>=EDATE(F35, -1), "Due", "Valid")) -> Valid
A36: 8874 | B36: Mohan Muduli | C36: Operator (HEMM) Gr.I | D36: GEOLOGY | E36: 44927 | F36: =IF(ISBLANK(E36), "", EDATE(E36, 60)) -> 46753 | G36: =IF(ISBLANK(F36), "", IF(TODAY()>=EDATE(F36, -1), "Due", "Valid")) -> Valid
A37: 9909 | B37: Arijit Bera | C37: Geological Assistant Gr.I | D37: GEOLOGY | F37: =IF(ISBLANK(E37), "", EDATE(E37, 60)) | G37: =IF(ISBLANK(F37), "", IF(TODAY()>=EDATE(F37, -1), "Due", "Valid")) -> #VALUE!
A38: 8728 | B38: Girija Prasad Parida | C38: Asst.Geologist | D38: GEOLOGY | F38: =IF(ISBLANK(E38), "", EDATE(E38, 60)) | G38: =IF(ISBLANK(F38), "", IF(TODAY()>=EDATE(F38, -1), "Due", "Valid")) -> #VALUE!
A39: 8542 | B39: Asiskumar Patnaik | C39: Geologist | D39: GEOLOGY | F39: =IF(ISBLANK(E39), "", EDATE(E39, 60)) | G39: =IF(ISBLANK(F39), "", IF(TODAY()>=EDATE(F39, -1), "Due", "Valid")) -> #VALUE!
A40: 10119 | B40: Rabi Mania | C40: Semiskilled Worker Gr.II | D40: GEOLOGY | E40: 45292 | F40: =IF(ISBLANK(E40), "", EDATE(E40, 60)) -> 47119 | G40: =IF(ISBLANK(F40), "", IF(TODAY()>=EDATE(F40, -1), "Due", "Valid")) -> Valid
A41: 11335 | B41: Sunny Abhishek Tigga | C41: SUPT(JOT)-Geologist | D41: GEOLOGY | F41: =IF(ISBLANK(E41), "", EDATE(E41, 60)) | G41: =IF(ISBLANK(F41), "", IF(TODAY()>=EDATE(F41, -1), "Due", "Valid")) -> #VALUE!
A42: 11343 | B42: Ashish Kumar Sethy | C42: SUPT(JOT)-Geologist | D42: GEOLOGY | F42: =IF(ISBLANK(E42), "", EDATE(E42, 60)) | G42: =IF(ISBLANK(F42), "", IF(TODAY()>=EDATE(F42, -1), "Due", "Valid")) -> #VALUE!
A43: 11481 | B43: Jajnadatta Pradhan | C43: SUPT(JOT)-Geologist | D43: GEOLOGY | F43: =IF(ISBLANK(E43), "", EDATE(E43, 60)) | G43: =IF(ISBLANK(F43), "", IF(TODAY()>=EDATE(F43, -1), "Due", "Valid")) -> #VALUE!
A44: 11525 | B44: Shivangee Singha | C44: SUPT(JOT)-Geologist | D44: GEOLOGY | F44: =IF(ISBLANK(E44), "", EDATE(E44, 60)) | G44: =IF(ISBLANK(F44), "", IF(TODAY()>=EDATE(F44, -1), "Due", "Valid")) -> #VALUE!
A45: 7612 | B45: Somanath Acharya | C45: Chargeman Gr.III | D45: ADMINISTRATION | E45: 44409 | F45: =IF(ISBLANK(E45), "", EDATE(E45, 60)) -> 46235 | G45: =IF(ISBLANK(F45), "", IF(TODAY()>=EDATE(F45, -1), "Due", "Valid")) -> Due
A46: 7133 | B46: Rabindranath Tirkey | C46: Chargeman Gr.I | D46: ADMINISTRATION | E46: 44562 | F46: =IF(ISBLANK(E46), "", EDATE(E46, 60)) -> 46388 | G46: =IF(ISBLANK(F46), "", IF(TODAY()>=EDATE(F46, -1), "Due", "Valid")) -> Valid
A47: 10129 | B47: Bhagirathi Pattnaik | C47: Technician(Mechanical) Gr.II | D47: ADMINISTRATION | F47: =IF(ISBLANK(E47), "", EDATE(E47, 60)) | G47: =IF(ISBLANK(F47), "", IF(TODAY()>=EDATE(F47, -1), "Due", "Valid")) -> #VALUE!
A48: 9988 | B48: Debashis Behera | C48: Semiskilled Worker Gr.II | D48: HR | F48: =IF(ISBLANK(E48), "", EDATE(E48, 60)) | G48: =IF(ISBLANK(F48), "", IF(TODAY()>=EDATE(F48, -1), "Due", "Valid")) -> #VALUE!
A49: 10117 | B49: Deepak Kumar Mohanta | C49: Semiskilled Worker Gr.II | D49: ADMINISTRATION | F49: =IF(ISBLANK(E49), "", EDATE(E49, 60)) | G49: =IF(ISBLANK(F49), "", IF(TODAY()>=EDATE(F49, -1), "Due", "Valid")) -> #VALUE!
A50: 9714 | B50: Rajani Kanta Mali | C50: Technician(Mechanical) Gr.II | D50: MATERIALS | E50: 44562 | F50: =IF(ISBLANK(E50), "", EDATE(E50, 60)) -> 46388 | G50: =IF(ISBLANK(F50), "", IF(TODAY()>=EDATE(F50, -1), "Due", "Valid")) -> Valid
A51: 10387 | B51: Sushanta Kumar Raju | C51: Operator(HEMM) Gr.II | D51: MATERIALS | F51: =IF(ISBLANK(E51), "", EDATE(E51, 60)) | G51: =IF(ISBLANK(F51), "", IF(TODAY()>=EDATE(F51, -1), "Due", "Valid")) -> #VALUE!
A52: 8543 | B52: Santosh Kumar Senapati | C52: Technician(Store Keeper) Gr.I | D52: MATERIALS | E52: 44470 | F52: =IF(ISBLANK(E52), "", EDATE(E52, 60)) -> 46296 | G52: =IF(ISBLANK(F52), "", IF(TODAY()>=EDATE(F52, -1), "Due", "Valid")) -> Due
A53: 8214 | B53: Chandrakanta Kar | C53: Chargeman Gr.II | D53: MATERIALS | E53: 44562 | F53: =IF(ISBLANK(E53), "", EDATE(E53, 60)) -> 46388 | G53: =IF(ISBLANK(F53), "", IF(TODAY()>=EDATE(F53, -1), "Due", "Valid")) -> Valid
A54: 10188 | B54: Mani Gauda | C54: Semiskilled Worker Gr.I | D54: MATERIALS | E54: 45658 | F54: =IF(ISBLANK(E54), "", EDATE(E54, 60)) -> 47484 | G54: =IF(ISBLANK(F54), "", IF(TODAY()>=EDATE(F54, -1), "Due", "Valid")) -> Valid
A55: 11040 | B55: Dhanurjay Dishari | C55: SUPT/TOT | D55: MATERIALS | F55: =IF(ISBLANK(E55), "", EDATE(E55, 60)) | G55: =IF(ISBLANK(F55), "", IF(TODAY()>=EDATE(F55, -1), "Due", "Valid")) -> #VALUE!
A56: 11045 | B56: Trinath Choudhury | C56: SUPT/TOT | D56: MATERIALS | F56: =IF(ISBLANK(E56), "", EDATE(E56, 60)) | G56: =IF(ISBLANK(F56), "", IF(TODAY()>=EDATE(F56, -1), "Due", "Valid")) -> #VALUE!
A57: 11059 | B57: Dilip Gouda | C57: SUPT(OPTADEF) | D57: MATERIALS | F57: =IF(ISBLANK(E57), "", EDATE(E57, 60)) | G57: =IF(ISBLANK(F57), "", IF(TODAY()>=EDATE(F57, -1), "Due", "Valid")) -> #VALUE!
A58: 9907 | B58: Umer Saha | C58: Technician(Electronics) Gr.I | D58: MECHANICAL | E58: 44562 | F58: =IF(ISBLANK(E58), "", EDATE(E58, 60)) -> 46388 | G58: =IF(ISBLANK(F58), "", IF(TODAY()>=EDATE(F58, -1), "Due", "Valid")) -> Valid
A59: 6629 | B59: Gubi Santa | C59: Sr.Technician(Auto Elect) Gr.II | D59: MECHANICAL | E59: 44470 | F59: =IF(ISBLANK(E59), "", EDATE(E59, 60)) -> 46296 | G59: =IF(ISBLANK(F59), "", IF(TODAY()>=EDATE(F59, -1), "Due", "Valid")) -> Due
A60: 6633 | B60: Basu Dami | C60: Sr.Technician(Auto Elect) Gr.II | D60: MECHANICAL | E60: 44562 | F60: =IF(ISBLANK(E60), "", EDATE(E60, 60)) -> 46388 | G60: =IF(ISBLANK(F60), "", IF(TODAY()>=EDATE(F60, -1), "Due", "Valid")) -> Valid
A61: 9370 | B61: Syamo Sundar Khora | C61: Chargeman Gr.III | D61: MECHANICAL | E61: 44531 | F61: =IF(ISBLANK(E61), "", EDATE(E61, 60)) -> 46357 | G61: =IF(ISBLANK(F61), "", IF(TODAY()>=EDATE(F61, -1), "Due", "Valid")) -> Valid
A62: 9372 | B62: Abinas Das | C62: Chargeman Gr.III | D62: MECHANICAL | E62: 44409 | F62: =IF(ISBLANK(E62), "", EDATE(E62, 60)) -> 46235 | G62: =IF(ISBLANK(F62), "", IF(TODAY()>=EDATE(F62, -1), "Due", "Valid")) -> Due
A63: 8741 | B63: Suresh Kumar Sahu | C63: Chargeman Gr.II | D63: MECHANICAL | E63: 44927 | F63: =IF(ISBLANK(E63), "", EDATE(E63, 60)) -> 46753 | G63: =IF(ISBLANK(F63), "", IF(TODAY()>=EDATE(F63, -1), "Due", "Valid")) -> Valid
A64: 8742 | B64: Sanjaya Pradhan | C64: Chargeman Gr.II | D64: MECHANICAL | E64: 45292 | F64: =IF(ISBLANK(E64), "", EDATE(E64, 60)) -> 47119 | G64: =IF(ISBLANK(F64), "", IF(TODAY()>=EDATE(F64, -1), "Due", "Valid")) -> Valid
A65: 6521 | B65: K Prasad Patro | C65: Superintendent(HEMM) Gr.II | D65: MECHANICAL | E65: 45292 | F65: =IF(ISBLANK(E65), "", EDATE(E65, 60)) -> 47119 | G65: =IF(ISBLANK(F65), "", IF(TODAY()>=EDATE(F65, -1), "Due", "Valid")) -> Valid
A66: 6345 | B66: Rama Muduli | C66: Support Staff(O&M) | D66: MECHANICAL | E66: 44927 | F66: =IF(ISBLANK(E66), "", EDATE(E66, 60)) -> 46753 | G66: =IF(ISBLANK(F66), "", IF(TODAY()>=EDATE(F66, -1), "Due", "Valid")) -> Valid
A67: 11218 | B67: Muralidhar Chhati | C67: SUPT (JOT)-Motor Mechanic | D67: MECHANICAL | F67: =IF(ISBLANK(E67), "", EDATE(E67, 60)) | G67: =IF(ISBLANK(F67), "", IF(TODAY()>=EDATE(F67, -1), "Due", "Valid")) -> #VALUE!
A68: 9202 | B68: Amit Kumar Nag | C68: Sr.Technician(Mechanical) Gr.I | D68: MECHANICAL | E68: 44470 | F68: =IF(ISBLANK(E68), "", EDATE(E68, 60)) -> 46296 | G68: =IF(ISBLANK(F68), "", IF(TODAY()>=EDATE(F68, -1), "Due", "Valid")) -> Due
A69: 9345 | B69: Laxman Jani | C69: Sr.Technician(Mechanical) Gr.I | D69: MECHANICAL | E69: 44562 | F69: =IF(ISBLANK(E69), "", EDATE(E69, 60)) -> 46388 | G69: =IF(ISBLANK(F69), "", IF(TODAY()>=EDATE(F69, -1), "Due", "Valid")) -> Valid
A70: 9209 | B70: Manasranjan Tudu | C70: Chargeman Gr.III | D70: MECHANICAL | E70: 44531 | F70: =IF(ISBLANK(E70), "", EDATE(E70, 60)) -> 46357 | G70: =IF(ISBLANK(F70), "", IF(TODAY()>=EDATE(F70, -1), "Due", "Valid")) -> Valid
A71: 9215 | B71: Trilochan Behera | C71: Chargeman Gr.III | D71: MECHANICAL | E71: 45658 | F71: =IF(ISBLANK(E71), "", EDATE(E71, 60)) -> 47484 | G71: =IF(ISBLANK(F71), "", IF(TODAY()>=EDATE(F71, -1), "Due", "Valid")) -> Valid
A72: 9223 | B72: Rabinarayan Halba | C72: Chargeman Gr.III | D72: MECHANICAL | E72: 44531 | F72: =IF(ISBLANK(E72), "", EDATE(E72, 60)) -> 46357 | G72: =IF(ISBLANK(F72), "", IF(TODAY()>=EDATE(F72, -1), "Due", "Valid")) -> Valid
A73: 9226 | B73: Mohan Kantabali | C73: Chargeman Gr.III | D73: MECHANICAL | E73: 44531 | F73: =IF(ISBLANK(E73), "", EDATE(E73, 60)) -> 46357 | G73: =IF(ISBLANK(F73), "", IF(TODAY()>=EDATE(F73, -1), "Due", "Valid")) -> Valid
A74: 9227 | B74: Dasha Hembram | C74: Chargeman Gr.III | D74: MECHANICAL | E74: 44531 | F74: =IF(ISBLANK(E74), "", EDATE(E74, 60)) -> 46357 | G74: =IF(ISBLANK(F74), "", IF(TODAY()>=EDATE(F74, -1), "Due", "Valid")) -> Valid
A75: 9228 | B75: Chaitanya Gouda | C75: Chargeman Gr.III | D75: MECHANICAL | E75: 44562 | F75: =IF(ISBLANK(E75), "", EDATE(E75, 60)) -> 46388 | G75: =IF(ISBLANK(F75), "", IF(TODAY()>=EDATE(F75, -1), "Due", "Valid")) -> Valid
A76: 9229 | B76: Sunil Kumar Panda | C76: Chargeman Gr.III | D76: MECHANICAL | E76: 44562 | F76: =IF(ISBLANK(E76), "", EDATE(E76, 60)) -> 46388 | G76: =IF(ISBLANK(F76), "", IF(TODAY()>=EDATE(F76, -1), "Due", "Valid")) -> Valid
A77: 9231 | B77: Laxman Deulapadia | C77: Chargeman Gr.III | D77: MECHANICAL | E77: 44409 | F77: =IF(ISBLANK(E77), "", EDATE(E77, 60)) -> 46235 | G77: =IF(ISBLANK(F77), "", IF(TODAY()>=EDATE(F77, -1), "Due", "Valid")) -> Due
A78: 9234 | B78: Jugendra Majhi | C78: Chargeman Gr.III | D78: MECHANICAL | E78: 44501 | F78: =IF(ISBLANK(E78), "", EDATE(E78, 60)) -> 46327 | G78: =IF(ISBLANK(F78), "", IF(TODAY()>=EDATE(F78, -1), "Due", "Valid")) -> Valid
A79: 9238 | B79: Prasant Kumar Patra | C79: Chargeman Gr.III | D79: MECHANICAL | E79: 44409 | F79: =IF(ISBLANK(E79), "", EDATE(E79, 60)) -> 46235 | G79: =IF(ISBLANK(F79), "", IF(TODAY()>=EDATE(F79, -1), "Due", "Valid")) -> Due
... A104: 10239 | B104: Kumana Pujari | C104: Semiskilled Worker Gr.II | D104: MECHANICAL | E104: 44317 | F104: =IF(ISBLANK(E104), "", EDATE(E104, 60)) -> 46143 | G104: =IF(ISBLANK(F104), "", IF(TODAY()>=EDATE(F104, -1), "Due", "Valid")) -> Due
A105: 10343 | B105: Jadav Gouda | C105: Semiskilled Worker Gr.II | D105: MECHANICAL | F105: =IF(ISBLANK(E105), "", EDATE(E105, 60)) | G105: =IF(ISBLANK(F105), "", IF(TODAY()>=EDATE(F105, -1), "Due", "Valid")) -> #VALUE!
A106: 10131 | B106: Pitambar Hantal | C106: Semiskilled Worker Gr.I | D106: MECHANICAL | E106: 44348 | F106: =IF(ISBLANK(E106), "", EDATE(E106, 60)) -> 46174 | G106: =IF(ISBLANK(F106), "", IF(TODAY()>=EDATE(F106, -1), "Due", "Valid")) -> Due
A107: 10197 | B107: Jagatram Bhoi | C107: Semiskilled Worker Gr.I | D107: MECHANICAL | E107: 45658 | F107: =IF(ISBLANK(E107), "", EDATE(E107, 60)) -> 47484 | G107: =IF(ISBLANK(F107), "", IF(TODAY()>=EDATE(F107, -1), "Due", "Valid")) -> Valid
A108: 5319 | B108: Kamulu Gadaba | C108: Support Staff(O&M) | D108: MECHANICAL | E108: 44470 | F108: =IF(ISBLANK(E108), "", EDATE(E108, 60)) -> 46296 | G108: =IF(ISBLANK(F108), "", IF(TODAY()>=EDATE(F108, -1), "Due", "Valid")) -> Due
A109: 10955 | B109: Haribandhu Gauda | C109: SUPT/JOT | D109: MECHANICAL | F109: =IF(ISBLANK(E109), "", EDATE(E109, 60)) | G109: =IF(ISBLANK(F109), "", IF(TODAY()>=EDATE(F109, -1), "Due", "Valid")) -> #VALUE!
A110: 11043 | B110: Rath Gouda | C110: SUPT/SOT | D110: MECHANICAL | F110: =IF(ISBLANK(E110), "", EDATE(E110, 60)) | G110: =IF(ISBLANK(F110), "", IF(TODAY()>=EDATE(F110, -1), "Due", "Valid")) -> #VALUE!
A111: 11084 | B111: Krushna Jani | C111: SUPT/TOT | D111: MECHANICAL | F111: =IF(ISBLANK(E111), "", EDATE(E111, 60)) | G111: =IF(ISBLANK(F111), "", IF(TODAY()>=EDATE(F111, -1), "Due", "Valid")) -> #VALUE!
A112: 11331 | B112: Sunil Kumar Pangi | C112: SUPT(JOT)-Fitter | D112: MECHANICAL | F112: =IF(ISBLANK(E112), "", EDATE(E112, 60)) | G112: =IF(ISBLANK(F112), "", IF(TODAY()>=EDATE(F112, -1), "Due", "Valid")) -> #VALUE!
A113: 11340 | B113: Rushikesh Gouda | C113: SUPT(JOT)-Fitter | D113: MECHANICAL | F113: =IF(ISBLANK(E113), "", EDATE(E113, 60)) | G113: =IF(ISBLANK(F113), "", IF(TODAY()>=EDATE(F113, -1), "Due", "Valid")) -> #VALUE!
A114: 11341 | B114: Bijaya Maharana | C114: SUPT(JOT)-Fitter | D114: MECHANICAL | F114: =IF(ISBLANK(E114), "", EDATE(E114, 60)) | G114: =IF(ISBLANK(F114), "", IF(TODAY()>=EDATE(F114, -1), "Due", "Valid")) -> #VALUE!
A115: 11058 | B115: Purna Bhoi | C115: SUPT(OPTADEF) | D115: MECHANICAL | F115: =IF(ISBLANK(E115), "", EDATE(E115, 60)) | G115: =IF(ISBLANK(F115), "", IF(TODAY()>=EDATE(F115, -1), "Due", "Valid")) -> #VALUE!
A116: 11262 | B116: Jaya Bhoi | C116: SUPT(OPTADEF) | D116: MECHANICAL | F116: =IF(ISBLANK(E116), "", EDATE(E116, 60)) | G116: =IF(ISBLANK(F116), "", IF(TODAY()>=EDATE(F116, -1), "Due", "Valid")) -> #VALUE!
A117: 11263 | B117: Madhu Gouda | C117: SUPT(OPTADEF) | D117: MECHANICAL | F117: =IF(ISBLANK(E117), "", EDATE(E117, 60)) | G117: =IF(ISBLANK(F117), "", IF(TODAY()>=EDATE(F117, -1), "Due", "Valid")) -> #VALUE!
A118: 11267 | B118: Debendra Dami | C118: SUPT(OPTADEF) | D118: MECHANICAL | F118: =IF(ISBLANK(E118), "", EDATE(E118, 60)) | G118: =IF(ISBLANK(F118), "", IF(TODAY()>=EDATE(F118, -1), "Due", "Valid")) -> #VALUE!
A119: 10232 | B119: Gouranga Charan Dora | C119: Technician (Mechanical) Gr.III | D119: MECHANICAL | E119: 44287 | F119: =IF(ISBLANK(E119), "", EDATE(E119, 60)) -> 46113 | G119: =IF(ISBLANK(F119), "", IF(TODAY()>=EDATE(F119, -1), "Due", "Valid")) -> Due
A120: 9300 | B120: Purna Chandra Gauda | C120: Chargeman Gr.III | D120: MECHANICAL | E120: 44501 | F120: =IF(ISBLANK(E120), "", EDATE(E120, 60)) -> 46327 | G120: =IF(ISBLANK(F120), "", IF(TODAY()>=EDATE(F120, -1), "Due", "Valid")) -> Valid
A121: 9301 | B121: Ganesh Chandra Bag | C121: Chargeman Gr.III | D121: MECHANICAL | E121: 44501 | F121: =IF(ISBLANK(E121), "", EDATE(E121, 60)) -> 46327 | G121: =IF(ISBLANK(F121), "", IF(TODAY()>=EDATE(F121, -1), "Due", "Valid")) -> Valid
A122: 9304 | B122: Laba Mali | C122: Chargeman Gr.III | D122: MECHANICAL | E122: 44531 | F122: =IF(ISBLANK(E122), "", EDATE(E122, 60)) -> 46357 | G122: =IF(ISBLANK(F122), "", IF(TODAY()>=EDATE(F122, -1), "Due", "Valid")) -> Valid
A123: 9371 | B123: Durjan Gouda | C123: Chargeman Gr.III | D123: MECHANICAL | E123: 44562 | F123: =IF(ISBLANK(E123), "", EDATE(E123, 60)) -> 46388 | G123: =IF(ISBLANK(F123), "", IF(TODAY()>=EDATE(F123, -1), "Due", "Valid")) -> Valid
A124: 4935 | B124: Dhanapati Mali | C124: Chargeman Gr.II | D124: MECHANICAL | E124: 44927 | F124: =IF(ISBLANK(E124), "", EDATE(E124, 60)) -> 46753 | G124: =IF(ISBLANK(F124), "", IF(TODAY()>=EDATE(F124, -1), "Due", "Valid")) -> Valid
A125: 8739 | B125: Bayadhar Nahak | C125: Chargeman Gr.II | D125: MECHANICAL | E125: 44927 | F125: =IF(ISBLANK(E125), "", EDATE(E125, 60)) -> 46753 | G125: =IF(ISBLANK(F125), "", IF(TODAY()>=EDATE(F125, -1), "Due", "Valid")) -> Valid
A126: 7254 | B126: Mrutyunjaya Dash | C126: Chargeman Gr.I | D126: MECHANICAL | E126: 45292 | F126: =IF(ISBLANK(E126), "", EDATE(E126, 60)) -> 47119 | G126: =IF(ISBLANK(F126), "", IF(TODAY()>=EDATE(F126, -1), "Due", "Valid")) -> Valid
A127: 6326 | B127: Salupu Jani | C127: Support Staff (O&M) | D127: MECHANICAL | E127: 45292 | F127: =IF(ISBLANK(E127), "", EDATE(E127, 60)) -> 47119 | G127: =IF(ISBLANK(F127), "", IF(TODAY()>=EDATE(F127, -1), "Due", "Valid")) -> Valid
A128: 11119 | B128: Judhisti Gouda | C128: SUPT (JOT)-Motor Mechanic | D128: MECHANICAL | F128: =IF(ISBLANK(E128), "", EDATE(E128, 60)) | G128: =IF(ISBLANK(F128), "", IF(TODAY()>=EDATE(F128, -1), "Due", "Valid")) -> #VALUE!
A129: 11237 | B129: Abraham Takiri | C129: SUPT (JOT)-Motor Mechanic | D129: MECHANICAL | F129: =IF(ISBLANK(E129), "", EDATE(E129, 60)) | G129: =IF(ISBLANK(F129), "", IF(TODAY()>=EDATE(F129, -1), "Due", "Valid")) -> #VALUE!
A130: 11326 | B130: Rajen Murmu | C130: SUPT (JOT)-Motor Mechanic | D130: MECHANICAL | F130: =IF(ISBLANK(E130), "", EDATE(E130, 60)) | G130: =IF(ISBLANK(F130), "", IF(TODAY()>=EDATE(F130, -1), "Due", "Valid")) -> #VALUE!
A131: 11329 | B131: Dolagobinda Behera | C131: SUPT (JOT)-Motor Mechanic | D131: MECHANICAL | F131: =IF(ISBLANK(E131), "", EDATE(E131, 60)) | G131: =IF(ISBLANK(F131), "", IF(TODAY()>=EDATE(F131, -1), "Due", "Valid")) -> #VALUE!
A132: 11265 | B132: Balabhadra Gadaba | C132: SUPT(OPTADEF) | D132: MECHANICAL | F132: =IF(ISBLANK(E132), "", EDATE(E132, 60)) | G132: =IF(ISBLANK(F132), "", IF(TODAY()>=EDATE(F132, -1), "Due", "Valid")) -> #VALUE!
A133: 10175 | B133: Khiroj Kumar Bisoi | C133: Technician(Mechanical) Gr.II | D133: MECHANICAL | E133: 45658 | F133: =IF(ISBLANK(E133), "", EDATE(E133, 60)) -> 47484 | G133: =IF(ISBLANK(F133), "", IF(TODAY()>=EDATE(F133, -1), "Due", "Valid")) -> Valid
...

Sheet First_Aid
A1: << Back to Dashboard
A3: Pers No | B3: Name | C3: Designation | D3: Department | E3: First Aid Last Year | F3: First Aid Type | G3: First Aid Expiry Year | H3: Due Alert
A4: 6374 | B4: Bhabani Sankar Rout | C4: Assistant Manager(Administration) | D4: ADMINISTRATION | E4: 2022 | F4: First aid (S) | G4: =IF(ISBLANK(E4), "", IF(OR(F4="First aid (M)", F4="First aid (L)"), "Lifetime", IF(F4="First aid (V)", E4+5, E4+3))) -> 2025 | H4: =IF(ISBLANK(G4), "", IF(G4="Lifetime", "Valid", IF(YEAR(TODAY())>=G4, "Due", "Valid"))) -> Due
A5: 5716 | B5: Jerom Xess | C5: Deputy Manager(Administration) | D5: ADMINISTRATION | E5: 2022 | F5: First aid (V) | G5: =IF(ISBLANK(E5), "", IF(OR(F5="First aid (M)", F5="First aid (L)"), "Lifetime", IF(F5="First aid (V)", E5+5, E5+3))) -> 2027 | H5: =IF(ISBLANK(G5), "", IF(G5="Lifetime", "Valid", IF(YEAR(TODAY())>=G5, "Due", "Valid"))) -> Valid
A6: 10395 | B6: Danguru Saunta | C6: Semiskilled Worker Gr.II | D6: ADMINISTRATION | E6: 2023 | F6: First aid (S) | G6: =IF(ISBLANK(E6), "", IF(OR(F6="First aid (M)", F6="First aid (L)"), "Lifetime", IF(F6="First aid (V)", E6+5, E6+3))) -> 2026 | H6: =IF(ISBLANK(G6), "", IF(G6="Lifetime", "Valid", IF(YEAR(TODAY())>=G6, "Due", "Valid"))) -> Due
A7: 9311 | B7: Satyaban Nayak@Mali | C7: Sr.Semiskilled Worker Gr.II | D7: ADMINISTRATION | E7: 2018 | F7: First aid (S) | G7: =IF(ISBLANK(E7), "", IF(OR(F7="First aid (M)", F7="First aid (L)"), "Lifetime", IF(F7="First aid (V)", E7+5, E7+3))) -> 2021 | H7: =IF(ISBLANK(G7), "", IF(G7="Lifetime", "Valid", IF(YEAR(TODAY())>=G7, "Due", "Valid"))) -> Due
A8: 9504 | B8: Mohan Khora | C8: Sr.Semiskilled Worker Gr.II | D8: ADMINISTRATION | E8: 2023 | F8: First aid (S) | G8: =IF(ISBLANK(E8), "", IF(OR(F8="First aid (M)", F8="First aid (L)"), "Lifetime", IF(F8="First aid (V)", E8+5, E8+3))) -> 2026 | H8: =IF(ISBLANK(G8), "", IF(G8="Lifetime", "Valid", IF(YEAR(TODAY())>=G8, "Due", "Valid"))) -> Due
A9: 9310 | B9: Chandra Sekhar Lamta | C9: Sr.Semisilled Worker Gr.I | D9: ADMINISTRATION | E9: 2019 | F9: First aid (S) | G9: =IF(ISBLANK(E9), "", IF(OR(F9="First aid (M)", F9="First aid (L)"), "Lifetime", IF(F9="First aid (V)", E9+5, E9+3))) -> 2022 | H9: =IF(ISBLANK(G9), "", IF(G9="Lifetime", "Valid", IF(YEAR(TODAY())>=G9, "Due", "Valid"))) -> Due
A10: 10863 | B10: Sanjaya Senapati | C10: AM (Mechanical) | D10: HR | G10: =IF(ISBLANK(E10), "", IF(OR(F10="First aid (M)", F10="First aid (L)"), "Lifetime", IF(F10="First aid (V)", E10+5, E10+3))) | H10: =IF(ISBLANK(G10), "", IF(G10="Lifetime", "Valid", IF(YEAR(TODAY())>=G10, "Due", "Valid"))) -> Valid
A11: 6682 | B11: Chaitanya Murmu | C11: Dy. Manager(Secretarial) | D11: SECRETARIATE | E11: 2021 | F11: First aid (S) | G11: =IF(ISBLANK(E11), "", IF(OR(F11="First aid (M)", F11="First aid (L)"), "Lifetime", IF(F11="First aid (V)", E11+5, E11+3))) -> 2024 | H11: =IF(ISBLANK(G11), "", IF(G11="Lifetime", "Valid", IF(YEAR(TODAY())>=G11, "Due", "Valid"))) -> Due
A12: 5510 | B12: N Srinivasa Sudhakar | C12: Chief General Manager (O&M),Mines | D12: SECRETARIATE | E12: 2024 | F12: First aid (S) | G12: =IF(ISBLANK(E12), "", IF(OR(F12="First aid (M)", F12="First aid (L)"), "Lifetime", IF(F12="First aid (V)", E12+5, E12+3))) -> 2027 | H12: =IF(ISBLANK(G12), "", IF(G12="Lifetime", "Valid", IF(YEAR(TODAY())>=G12, "Due", "Valid"))) -> Valid
A13: 9732 | B13: Purusottam Mohanta | C13: Chief General Manager(Mines) | D13: SECRETARIATE | G13: =IF(ISBLANK(E13), "", IF(OR(F13="First aid (M)", F13="First aid (L)"), "Lifetime", IF(F13="First aid (V)", E13+5, E13+3))) | H13: =IF(ISBLANK(G13), "", IF(G13="Lifetime", "Valid", IF(YEAR(TODAY())>=G13, "Due", "Valid"))) -> Valid
A14: 6133 | B14: Niranjan Ray | C14: Senior Manager(Civil) | D14: CIVIL | G14: =IF(ISBLANK(E14), "", IF(OR(F14="First aid (M)", F14="First aid (L)"), "Lifetime", IF(F14="First aid (V)", E14+5, E14+3))) | H14: =IF(ISBLANK(G14), "", IF(G14="Lifetime", "Valid", IF(YEAR(TODAY())>=G14, "Due", "Valid"))) -> Valid
A15: 9091 | B15: Shailesh Toppo | C15: Senior Manager(Civil) | D15: CIVIL | E15: 2026 | F15: First aid (S) | G15: =IF(ISBLANK(E15), "", IF(OR(F15="First aid (M)", F15="First aid (L)"), "Lifetime", IF(F15="First aid (V)", E15+5, E15+3))) -> 2029 | H15: =IF(ISBLANK(G15), "", IF(G15="Lifetime", "Valid", IF(YEAR(TODAY())>=G15, "Due", "Valid"))) -> Valid
A16: 7559 | B16: Arjun Basu | C16: Deputy General Manager (Civil) | D16: CIVIL | G16: =IF(ISBLANK(E16), "", IF(OR(F16="First aid (M)", F16="First aid (L)"), "Lifetime", IF(F16="First aid (V)", E16+5, E16+3))) | H16: =IF(ISBLANK(G16), "", IF(G16="Lifetime", "Valid", IF(YEAR(TODAY())>=G16, "Due", "Valid"))) -> Valid
A17: 9899 | B17: Kamulu Gouda | C17: Technician(Civil) Gr.I | D17: CIVIL | E17: 2018 | F17: First aid (S) | G17: =IF(ISBLANK(E17), "", IF(OR(F17="First aid (M)", F17="First aid (L)"), "Lifetime", IF(F17="First aid (V)", E17+5, E17+3))) -> 2021 | H17: =IF(ISBLANK(G17), "", IF(G17="Lifetime", "Valid", IF(YEAR(TODAY())>=G17, "Due", "Valid"))) -> Due
A18: 10501 | B18: Vishnu Chandora | C18: Assistant Manager (Instrumentation) | D18: ELECTRICAL | E18: 2024 | F18: First aid (S) | G18: =IF(ISBLANK(E18), "", IF(OR(F18="First aid (M)", F18="First aid (L)"), "Lifetime", IF(F18="First aid (V)", E18+5, E18+3))) -> 2027 | H18: =IF(ISBLANK(G18), "", IF(G18="Lifetime", "Valid", IF(YEAR(TODAY())>=G18, "Due", "Valid"))) -> Valid
A19: 10651 | B19: Sonu Kumar Gupta | C19: Assistant Manager (Electrical) | D19: ELECTRICAL | G19: =IF(ISBLANK(E19), "", IF(OR(F19="First aid (M)", F19="First aid (L)"), "Lifetime", IF(F19="First aid (V)", E19+5, E19+3))) | H19: =IF(ISBLANK(G19), "", IF(G19="Lifetime", "Valid", IF(YEAR(TODAY())>=G19, "Due", "Valid"))) -> Valid
A20: 6709 | B20: Kandra Hembram | C20: Deputy Manager(Electrical) | D20: ELECTRICAL | E20: 2018 | F20: First aid (S) | G20: =IF(ISBLANK(E20), "", IF(OR(F20="First aid (M)", F20="First aid (L)"), "Lifetime", IF(F20="First aid (V)", E20+5, E20+3))) -> 2021 | H20: =IF(ISBLANK(G20), "", IF(G20="Lifetime", "Valid", IF(YEAR(TODAY())>=G20, "Due", "Valid"))) -> Due
A21: 10383 | B21: Prathamesh Ganesh Kokate | C21: Deputy Manager(Electrical) | D21: ELECTRICAL | G21: =IF(ISBLANK(E21), "", IF(OR(F21="First aid (M)", F21="First aid (L)"), "Lifetime", IF(F21="First aid (V)", E21+5, E21+3))) | H21: =IF(ISBLANK(G21), "", IF(G21="Lifetime", "Valid", IF(YEAR(TODAY())>=G21, "Due", "Valid"))) -> Valid
A22: 9748 | B22: Anoj Kumar Swain | C22: Manager(Electrical) | D22: ELECTRICAL | G22: =IF(ISBLANK(E22), "", IF(OR(F22="First aid (M)", F22="First aid (L)"), "Lifetime", IF(F22="First aid (V)", E22+5, E22+3))) | H22: =IF(ISBLANK(G22), "", IF(G22="Lifetime", "Valid", IF(YEAR(TODAY())>=G22, "Due", "Valid"))) -> Valid
A23: 9858 | B23: Rahul Kumar Meena | C23: Manager(Electrical) | D23: ELECTRICAL | E23: 2026 | F23: First aid (S) | G23: =IF(ISBLANK(E23), "", IF(OR(F23="First aid (M)", F23="First aid (L)"), "Lifetime", IF(F23="First aid (V)", E23+5, E23+3))) -> 2029 | H23: =IF(ISBLANK(G23), "", IF(G23="Lifetime", "Valid", IF(YEAR(TODAY())>=G23, "Due", "Valid"))) -> Valid
A24: 9859 | B24: Satya Sunder Behera | C24: Manager(Electrical) | D24: ELECTRICAL | G24: =IF(ISBLANK(E24), "", IF(OR(F24="First aid (M)", F24="First aid (L)"), "Lifetime", IF(F24="First aid (V)", E24+5, E24+3))) | H24: =IF(ISBLANK(G24), "", IF(G24="Lifetime", "Valid", IF(YEAR(TODAY())>=G24, "Due", "Valid"))) -> Valid
A25: 9882 | B25: Samir Kumar Shekhar Deo | C25: Manager (Electrical) | D25: ELECTRICAL | G25: =IF(ISBLANK(E25), "", IF(OR(F25="First aid (M)", F25="First aid (L)"), "Lifetime", IF(F25="First aid (V)", E25+5, E25+3))) | H25: =IF(ISBLANK(G25), "", IF(G25="Lifetime", "Valid", IF(YEAR(TODAY())>=G25, "Due", "Valid"))) -> Valid
A26: 10069 | B26: Naveen Pentela | C26: Manager (Electrical) | D26: MECHANICAL | E26: 2019 | F26: First aid (S) | G26: =IF(ISBLANK(E26), "", IF(OR(F26="First aid (M)", F26="First aid (L)"), "Lifetime", IF(F26="First aid (V)", E26+5, E26+3))) -> 2022 | H26: =IF(ISBLANK(G26), "", IF(G26="Lifetime", "Valid", IF(YEAR(TODAY())>=G26, "Due", "Valid"))) -> Due
A27: 6458 | B27: Sarada Prasad Panda | C27: Senior Manager(Electrical) | D27: ELECTRICAL | G27: =IF(ISBLANK(E27), "", IF(OR(F27="First aid (M)", F27="First aid (L)"), "Lifetime", IF(F27="First aid (V)", E27+5, E27+3))) | H27: =IF(ISBLANK(G27), "", IF(G27="Lifetime", "Valid", IF(YEAR(TODAY())>=G27, "Due", "Valid"))) -> Valid
A28: 9070 | B28: Kaustuv Pattnaik | C28: Sr. Manager (Electrical) | D28: ELECTRICAL | E28: 2024 | F28: First aid (S) | G28: =IF(ISBLANK(E28), "", IF(OR(F28="First aid (M)", F28="First aid (L)"), "Lifetime", IF(F28="First aid (V)", E28+5, E28+3))) -> 2027 | H28: =IF(ISBLANK(G28), "", IF(G28="Lifetime", "Valid", IF(YEAR(TODAY())>=G28, "Due", "Valid"))) -> Valid
A29: 9619 | B29: Dakaneni Veera V S Aditya | C29: Senior Manager (Electrical) | D29: ELECTRICAL | E29: 2021 | F29: First aid (S) | G29: =IF(ISBLANK(E29), "", IF(OR(F29="First aid (M)", F29="First aid (L)"), "Lifetime", IF(F29="First aid (V)", E29+5, E29+3))) -> 2024 | H29: =IF(ISBLANK(G29), "", IF(G29="Lifetime", "Valid", IF(YEAR(TODAY())>=G29, "Due", "Valid"))) -> Due
A30: 9621 | B30: Sunil Kumar Patra | C30: Sr. Manager (Electrical) | D30: ELECTRICAL | E30: 2021 | F30: First aid (S) | G30: =IF(ISBLANK(E30), "", IF(OR(F30="First aid (M)", F30="First aid (L)"), "Lifetime", IF(F30="First aid (V)", E30+5, E30+3))) -> 2024 | H30: =IF(ISBLANK(G30), "", IF(G30="Lifetime", "Valid", IF(YEAR(TODAY())>=G30, "Due", "Valid"))) -> Due
A31: 9668 | B31: Nachiketa Swain | C31: Senior Manager (Electrical) | D31: ELECTRICAL | E31: 2022 | F31: First aid (S) | G31: =IF(ISBLANK(E31), "", IF(OR(F31="First aid (M)", F31="First aid (L)"), "Lifetime", IF(F31="First aid (V)", E31+5, E31+3))) -> 2025 | H31: =IF(ISBLANK(G31), "", IF(G31="Lifetime", "Valid", IF(YEAR(TODAY())>=G31, "Due", "Valid"))) -> Due
A32: 8637 | B32: Dillip Moharana | C32: Deputy General Manager (Electrical) | D32: ELECTRICAL | E32: 2022 | F32: First aid (S) | G32: =IF(ISBLANK(E32), "", IF(OR(F32="First aid (M)", F32="First aid (L)"), "Lifetime", IF(F32="First aid (V)", E32+5, E32+3))) -> 2025 | H32: =IF(ISBLANK(G32), "", IF(G32="Lifetime", "Valid", IF(YEAR(TODAY())>=G32, "Due", "Valid"))) -> Due
A33: 7504 | B33: Harish Kumar Bhagwani | C33: General Manager(Electrical) | D33: ELECTRICAL | G33: =IF(ISBLANK(E33), "", IF(OR(F33="First aid (M)", F33="First aid (L)"), "Lifetime", IF(F33="First aid (V)", E33+5, E33+3))) | H33: =IF(ISBLANK(G33), "", IF(G33="Lifetime", "Valid", IF(YEAR(TODAY())>=G33, "Due", "Valid"))) -> Valid
A34: 11507 | B34: Shaik Zalaluddin Mohammed Akbar | C34: GET(Electrical) | D34: ELECTRICAL | G34: =IF(ISBLANK(E34), "", IF(OR(F34="First aid (M)", F34="First aid (L)"), "Lifetime", IF(F34="First aid (V)", E34+5, E34+3))) | H34: =IF(ISBLANK(G34), "", IF(G34="Lifetime", "Valid", IF(YEAR(TODAY())>=G34, "Due", "Valid"))) -> Valid
A35: 7449 | B35: Sasi Bhusan Behera | C35: Sr.Foreman(Electrical) Gr.I | D35: ELECTRICAL | E35: 2024 | F35: First aid (S) | G35: =IF(ISBLANK(E35), "", IF(OR(F35="First aid (M)", F35="First aid (L)"), "Lifetime", IF(F35="First aid (V)", E35+5, E35+3))) -> 2027 | H35: =IF(ISBLANK(G35), "", IF(G35="Lifetime", "Valid", IF(YEAR(TODAY())>=G35, "Due", "Valid"))) -> Valid
A36: 7465 | B36: Kishor Kumar Lenka | C36: Sr.Foreman(Electical) Gr.I | D36: ELECTRICAL | E36: 2021 | F36: First aid (S) | G36: =IF(ISBLANK(E36), "", IF(OR(F36="First aid (M)", F36="First aid (L)"), "Lifetime", IF(F36="First aid (V)", E36+5, E36+3))) -> 2024 | H36: =IF(ISBLANK(G36), "", IF(G36="Lifetime", "Valid", IF(YEAR(TODAY())>=G36, "Due", "Valid"))) -> Due
A37: 7467 | B37: Raghunath Mohanta | C37: Sr.Foreman(Electrical) Gr.I | D37: ELECTRICAL | G37: =IF(ISBLANK(E37), "", IF(OR(F37="First aid (M)", F37="First aid (L)"), "Lifetime", IF(F37="First aid (V)", E37+5, E37+3))) | H37: =IF(ISBLANK(G37), "", IF(G37="Lifetime", "Valid", IF(YEAR(TODAY())>=G37, "Due", "Valid"))) -> Valid
A38: 8137 | B38: Gora Dami | C38: Technician(Electrical) Gr.I | D38: ELECTRICAL | E38: 2022 | F38: First aid (S) | G38: =IF(ISBLANK(E38), "", IF(OR(F38="First aid (M)", F38="First aid (L)"), "Lifetime", IF(F38="First aid (V)", E38+5, E38+3))) -> 2025 | H38: =IF(ISBLANK(G38), "", IF(G38="Lifetime", "Valid", IF(YEAR(TODAY())>=G38, "Due", "Valid"))) -> Due
A39: 9905 | B39: Shrabana Kumar Mohanta | C39: Technician(Electrical) Gr.I | D39: ELECTRICAL | E39: 2019 | F39: First aid (S) | G39: =IF(ISBLANK(E39), "", IF(OR(F39="First aid (M)", F39="First aid (L)"), "Lifetime", IF(F39="First aid (V)", E39+5, E39+3))) -> 2022 | H39: =IF(ISBLANK(G39), "", IF(G39="Lifetime", "Valid", IF(YEAR(TODAY())>=G39, "Due", "Valid"))) -> Due
A40: 9906 | B40: Laxman Chakie | C40: Technician(Electrical) Gr.I | D40: ELECTRICAL | E40: 2019 | F40: First aid (S) | G40: =IF(ISBLANK(E40), "", IF(OR(F40="First aid (M)", F40="First aid (L)"), "Lifetime", IF(F40="First aid (V)", E40+5, E40+3))) -> 2022 | H40: =IF(ISBLANK(G40), "", IF(G40="Lifetime", "Valid", IF(YEAR(TODAY())>=G40, "Due", "Valid"))) -> Due
A41: 7242 | B41: Bhima Mali | C41: Sr.Technician(Instrument) Gr.II | D41: E&I | G41: =IF(ISBLANK(E41), "", IF(OR(F41="First aid (M)", F41="First aid (L)"), "Lifetime", IF(F41="First aid (V)", E41+5, E41+3))) | H41: =IF(ISBLANK(G41), "", IF(G41="Lifetime", "Valid", IF(YEAR(TODAY())>=G41, "Due", "Valid"))) -> Valid
A42: 9268 | B42: Rasananda Soy | C42: Chargeman Gr.III | D42: ELECTRICAL | E42: 2019 | F42: First aid (S) | G42: =IF(ISBLANK(E42), "", IF(OR(F42="First aid (M)", F42="First aid (L)"), "Lifetime", IF(F42="First aid (V)", E42+5, E42+3))) -> 2022 | H42: =IF(ISBLANK(G42), "", IF(G42="Lifetime", "Valid", IF(YEAR(TODAY())>=G42, "Due", "Valid"))) -> Due
A43: 9269 | B43: Rajendra Kumar Maharana | C43: Chargeman Gr.III | D43: ELECTRICAL | E43: 2021 | F43: First aid (S) | G43: =IF(ISBLANK(E43), "", IF(OR(F43="First aid (M)", F43="First aid (L)"), "Lifetime", IF(F43="First aid (V)", E43+5, E43+3))) -> 2024 | H43: =IF(ISBLANK(G43), "", IF(G43="Lifetime", "Valid", IF(YEAR(TODAY())>=G43, "Due", "Valid"))) -> Due
A44: 9271 | B44: Kshirasindhu Sahu | C44: Chargeman Gr.III | D44: ELECTRICAL | G44: =IF(ISBLANK(E44), "", IF(OR(F44="First aid (M)", F44="First aid (L)"), "Lifetime", IF(F44="First aid (V)", E44+5, E44+3))) | H44: =IF(ISBLANK(G44), "", IF(G44="Lifetime", "Valid", IF(YEAR(TODAY())>=G44, "Due", "Valid"))) -> Valid
A45: 9274 | B45: Sk Saukat Alli | C45: Chargeman Gr.III | D45: ELECTRICAL | E45: 2017 | F45: First aid (S) | G45: =IF(ISBLANK(E45), "", IF(OR(F45="First aid (M)", F45="First aid (L)"), "Lifetime", IF(F45="First aid (V)", E45+5, E45+3))) -> 2020 | H45: =IF(ISBLANK(G45), "", IF(G45="Lifetime", "Valid", IF(YEAR(TODAY())>=G45, "Due", "Valid"))) -> Due
A46: 9275 | B46: Prakash Kujur | C46: Chargeman Gr.III | D46: ELECTRICAL | E46: 2021 | F46: First aid (S) | G46: =IF(ISBLANK(E46), "", IF(OR(F46="First aid (M)", F46="First aid (L)"), "Lifetime", IF(F46="First aid (V)", E46+5, E46+3))) -> 2024 | H46: =IF(ISBLANK(G46), "", IF(G46="Lifetime", "Valid", IF(YEAR(TODAY())>=G46, "Due", "Valid"))) -> Due
A47: 9276 | B47: Rajkumar Jodhar | C47: Chargeman Gr.III | D47: ELECTRICAL | E47: 2022 | F47: First aid (S) | G47: =IF(ISBLANK(E47), "", IF(OR(F47="First aid (M)", F47="First aid (L)"), "Lifetime", IF(F47="First aid (V)", E47+5, E47+3))) -> 2025 | H47: =IF(ISBLANK(G47), "", IF(G47="Lifetime", "Valid", IF(YEAR(TODAY())>=G47, "Due", "Valid"))) -> Due
A48: 9278 | B48: Narendra Kumar Disari | C48: Chargeman Gr.III | D48: ELECTRICAL | E48: 2022 | F48: First aid (S) | G48: =IF(ISBLANK(E48), "", IF(OR(F48="First aid (M)", F48="First aid (L)"), "Lifetime", IF(F48="First aid (V)", E48+5, E48+3))) -> 2025 | H48: =IF(ISBLANK(G48), "", IF(G48="Lifetime", "Valid", IF(YEAR(TODAY())>=G48, "Due", "Valid"))) -> Due
A49: 9279 | B49: Bijay Kumar Sahoo | C49: Chargeman Gr.III | D49: ELECTRICAL | E49: 2018 | F49: First aid (M) | G49: =IF(ISBLANK(E49), "", IF(OR(F49="First aid (M)", F49="First aid (L)"), "Lifetime", IF(F49="First aid (V)", E49+5, E49+3))) -> Lifetime | H49: =IF(ISBLANK(G49), "", IF(G49="Lifetime", "Valid", IF(YEAR(TODAY())>=G49, "Due", "Valid"))) -> Valid
A50: 9282 | B50: Harichand Ray | C50: Chargeman Gr.III | D50: ELECTRICAL | E50: 2019 | F50: First aid (V) | G50: =IF(ISBLANK(E50), "", IF(OR(F50="First aid (M)", F50="First aid (L)"), "Lifetime", IF(F50="First aid (V)", E50+5, E50+3))) -> 2024 | H50: =IF(ISBLANK(G50), "", IF(G50="Lifetime", "Valid", IF(YEAR(TODAY())>=G50, "Due", "Valid"))) -> Due
A51: 9290 | B51: Dayanidhi Murmu | C51: Chargeman Gr.III | D51: E&I | E51: 2018 | F51: First aid (S) | G51: =IF(ISBLANK(E51), "", IF(OR(F51="First aid (M)", F51="First aid (L)"), "Lifetime", IF(F51="First aid (V)", E51+5, E51+3))) -> 2021 | H51: =IF(ISBLANK(G51), "", IF(G51="Lifetime", "Valid", IF(YEAR(TODAY())>=G51, "Due", "Valid"))) -> Due
A52: 9373 | B52: Sadananda Das | C52: Chargeman Gr.III | D52: ELECTRICAL | E52: 2017 | F52: First aid (S) | G52: =IF(ISBLANK(E52), "", IF(OR(F52="First aid (M)", F52="First aid (L)"), "Lifetime", IF(F52="First aid (V)", E52+5, E52+3))) -> 2020 | H52: =IF(ISBLANK(G52), "", IF(G52="Lifetime", "Valid", IF(YEAR(TODAY())>=G52, "Due", "Valid"))) -> Due
A53: 9374 | B53: Anil Kumar Panda | C53: Chargeman Gr.III | D53: ELECTRICAL | E53: 2022 | F53: First aid (S) | G53: =IF(ISBLANK(E53), "", IF(OR(F53="First aid (M)", F53="First aid (L)"), "Lifetime", IF(F53="First aid (V)", E53+5, E53+3))) -> 2025 | H53: =IF(ISBLANK(G53), "", IF(G53="Lifetime", "Valid", IF(YEAR(TODAY())>=G53, "Due", "Valid"))) -> Due
A54: 7248 | B54: Sanjaya Kumar Sahu | C54: Chargeman Gr.I | D54: E&I | G54: =IF(ISBLANK(E54), "", IF(OR(F54="First aid (M)", F54="First aid (L)"), "Lifetime", IF(F54="First aid (V)", E54+5, E54+3))) | H54: =IF(ISBLANK(G54), "", IF(G54="Lifetime", "Valid", IF(YEAR(TODAY())>=G54, "Due", "Valid"))) -> Valid
A55: 11047 | B55: Muna Kandhapan | C55: SUPT/SOT | D55: ELECTRICAL | E55: 2025 | F55: First aid (S) | G55: =IF(ISBLANK(E55), "", IF(OR(F55="First aid (M)", F55="First aid (L)"), "Lifetime", IF(F55="First aid (V)", E55+5, E55+3))) -> 2028 | H55: =IF(ISBLANK(G55), "", IF(G55="Lifetime", "Valid", IF(YEAR(TODAY())>=G55, "Due", "Valid"))) -> Valid
A56: 11337 | B56: Satya Narayan Sahu | C56: SUPT (JOT)-Electrical | D56: ELECTRICAL | G56: =IF(ISBLANK(E56), "", IF(OR(F56="First aid (M)", F56="First aid (L)"), "Lifetime", IF(F56="First aid (V)", E56+5, E56+3))) | H56: =IF(ISBLANK(G56), "", IF(G56="Lifetime", "Valid", IF(YEAR(TODAY())>=G56, "Due", "Valid"))) -> Valid
A57: 11338 | B57: Anuj Kumar | C57: SUPT (JOT)-Electrical | D57: ELECTRICAL | G57: =IF(ISBLANK(E57), "", IF(OR(F57="First aid (M)", F57="First aid (L)"), "Lifetime", IF(F57="First aid (V)", E57+5, E57+3))) | H57: =IF(ISBLANK(G57), "", IF(G57="Lifetime", "Valid", IF(YEAR(TODAY())>=G57, "Due", "Valid"))) -> Valid
A58: 11342 | B58: Kishor Chandra Pradhan | C58: SUPT (JOT)-Electrical | D58: ELECTRICAL | G58: =IF(ISBLANK(E58), "", IF(OR(F58="First aid (M)", F58="First aid (L)"), "Lifetime", IF(F58="First aid (V)", E58+5, E58+3))) | H58: =IF(ISBLANK(G58), "", IF(G58="Lifetime", "Valid", IF(YEAR(TODAY())>=G58, "Due", "Valid"))) -> Valid
A59: 11344 | B59: Sibaprasad Santra | C59: SUPT (JOT)-Electrical | D59: ELECTRICAL | G59: =IF(ISBLANK(E59), "", IF(OR(F59="First aid (M)", F59="First aid (L)"), "Lifetime", IF(F59="First aid (V)", E59+5, E59+3))) | H59: =IF(ISBLANK(G59), "", IF(G59="Lifetime", "Valid", IF(YEAR(TODAY())>=G59, "Due", "Valid"))) -> Valid
A60: 11264 | B60: Chitru Kadia | C60: SUPT(OPTADEF) | D60: ELECTRICAL | G60: =IF(ISBLANK(E60), "", IF(OR(F60="First aid (M)", F60="First aid (L)"), "Lifetime", IF(F60="First aid (V)", E60+5, E60+3))) | H60: =IF(ISBLANK(G60), "", IF(G60="Lifetime", "Valid", IF(YEAR(TODAY())>=G60, "Due", "Valid"))) -> Valid
A61: 9985 | B61: Samir Ranjan Pattnaik | C61: Assistant General Manager (Geology) | D61: TECHNICAL SERVICES | E61: 2022 | F61: First aid (S) | G61: =IF(ISBLANK(E61), "", IF(OR(F61="First aid (M)", F61="First aid (L)"), "Lifetime", IF(F61="First aid (V)", E61+5, E61+3))) -> 2025 | H61: =IF(ISBLANK(G61), "", IF(G61="Lifetime", "Valid", IF(YEAR(TODAY())>=G61, "Due", "Valid"))) -> Due
A62: 10227 | B62: Yalaka Kasaiah | C62: Dy. Manager(Finance) | D62: FINANCE & ACCOUNTS | E62: 2022 | F62: First aid (S) | G62: =IF(ISBLANK(E62), "", IF(OR(F62="First aid (M)", F62="First aid (L)"), "Lifetime", IF(F62="First aid (V)", E62+5, E62+3))) -> 2025 | H62: =IF(ISBLANK(G62), "", IF(G62="Lifetime", "Valid", IF(YEAR(TODAY())>=G62, "Due", "Valid"))) -> Due
A63: 10756 | B63: Dora Jagadishwar Rao | C63: Deputy Manager(Finance) | D63: FINANCE & ACCOUNTS | G63: =IF(ISBLANK(E63), "", IF(OR(F63="First aid (M)", F63="First aid (L)"), "Lifetime", IF(F63="First aid (V)", E63+5, E63+3))) | H63: =IF(ISBLANK(G63), "", IF(G63="Lifetime", "Valid", IF(YEAR(TODAY())>=G63, "Due", "Valid"))) -> Valid
A64: 10402 | B64: Rangadhar Behera | C64: Manager (Finance) | D64: FINANCE & ACCOUNTS | G64: =IF(ISBLANK(E64), "", IF(OR(F64="First aid (M)", F64="First aid (L)"), "Lifetime", IF(F64="First aid (V)", E64+5, E64+3))) | H64: =IF(ISBLANK(G64), "", IF(G64="Lifetime", "Valid", IF(YEAR(TODAY())>=G64, "Due", "Valid"))) -> Valid
A65: 10457 | B65: Ramesh Gopagoni | C65: Manager (Finance) | D65: FINANCE & ACCOUNTS | G65: =IF(ISBLANK(E65), "", IF(OR(F65="First aid (M)", F65="First aid (L)"), "Lifetime", IF(F65="First aid (V)", E65+5, E65+3))) | H65: =IF(ISBLANK(G65), "", IF(G65="Lifetime", "Valid", IF(YEAR(TODAY())>=G65, "Due", "Valid"))) -> Valid
A66: 8225 | B66: Bhagaban Chandra Barik | C66: Deputy General Manager (Finance) | D66: FINANCE & ACCOUNTS | E66: 2026 | F66: First aid (S) | G66: =IF(ISBLANK(E66), "", IF(OR(F66="First aid (M)", F66="First aid (L)"), "Lifetime", IF(F66="First aid (V)", E66+5, E66+3))) -> 2029 | H66: =IF(ISBLANK(G66), "", IF(G66="Lifetime", "Valid", IF(YEAR(TODAY())>=G66, "Due", "Valid"))) -> Valid
A67: 9715 | B67: K Shanmukh Rao | C67: Sr. Assistant (Time Office) | D67: FINANCE & ACCOUNTS | E67: 2025 | F67: First aid (S) | G67: =IF(ISBLANK(E67), "", IF(OR(F67="First aid (M)", F67="First aid (L)"), "Lifetime", IF(F67="First aid (V)", E67+5, E67+3))) -> 2028 | H67: =IF(ISBLANK(G67), "", IF(G67="Lifetime", "Valid", IF(YEAR(TODAY())>=G67, "Due", "Valid"))) -> Valid
A68: 9763 | B68: Gudla Avinash | C68: Sr. Assistant(Finance) | D68: FINANCE & ACCOUNTS | E68: 2018 | F68: First aid (S) | G68: =IF(ISBLANK(E68), "", IF(OR(F68="First aid (M)", F68="First aid (L)"), "Lifetime", IF(F68="First aid (V)", E68+5, E68+3))) -> 2021 | H68: =IF(ISBLANK(G68), "", IF(G68="Lifetime", "Valid", IF(YEAR(TODAY())>=G68, "Due", "Valid"))) -> Due
A69: 10132 | B69: Naresh Kumar Bagh | C69: Semiskilled Worker Gr.I | D69: FINANCE & ACCOUNTS | E69: 2025 | F69: First aid (V) | G69: =IF(ISBLANK(E69), "", IF(OR(F69="First aid (M)", F69="First aid (L)"), "Lifetime", IF(F69="First aid (V)", E69+5, E69+3))) -> 2030 | H69: =IF(ISBLANK(G69), "", IF(G69="Lifetime", "Valid", IF(YEAR(TODAY())>=G69, "Due", "Valid"))) -> Valid
A70: 11529 | B70: Nirankar Mishra | C70: Deputy Manager (Geology) | D70: GEOLOGY | G70: =IF(ISBLANK(E70), "", IF(OR(F70="First aid (M)", F70="First aid (L)"), "Lifetime", IF(F70="First aid (V)", E70+5, E70+3))) | H70: =IF(ISBLANK(G70), "", IF(G70="Lifetime", "Valid", IF(YEAR(TODAY())>=G70, "Due", "Valid"))) -> Valid
A71: 7111 | B71: Sanjaya Kumar Mohanty | C71: Manager (Geology) | D71: GEOLOGY | G71: =IF(ISBLANK(E71), "", IF(OR(F71="First aid (M)", F71="First aid (L)"), "Lifetime", IF(F71="First aid (V)", E71+5, E71+3))) | H71: =IF(ISBLANK(G71), "", IF(G71="Lifetime", "Valid", IF(YEAR(TODAY())>=G71, "Due", "Valid"))) -> Valid
A72: 10616 | B72: K Sairaj | C72: Manager (Geology) | D72: GEOLOGY | E72: 2024 | F72: First aid (S) | G72: =IF(ISBLANK(E72), "", IF(OR(F72="First aid (M)", F72="First aid (L)"), "Lifetime", IF(F72="First aid (V)", E72+5, E72+3))) -> 2027 | H72: =IF(ISBLANK(G72), "", IF(G72="Lifetime", "Valid", IF(YEAR(TODAY())>=G72, "Due", "Valid"))) -> Valid
A73: 9531 | B73: Chandan Kumar Behera | C73: Senior Manager (Geology) | D73: GEOLOGY | E73: 2021 | F73: First aid (S) | G73: =IF(ISBLANK(E73), "", IF(OR(F73="First aid (M)", F73="First aid (L)"), "Lifetime", IF(F73="First aid (V)", E73+5, E73+3))) -> 2024 | H73: =IF(ISBLANK(G73), "", IF(G73="Lifetime", "Valid", IF(YEAR(TODAY())>=G73, "Due", "Valid"))) -> Due
A74: 9532 | B74: Pratap Tapan Sahoo | C74: Sr. Manager (Geology) | D74: GEOLOGY | E74: 2026 | F74: First aid (S) | G74: =IF(ISBLANK(E74), "", IF(OR(F74="First aid (M)", F74="First aid (L)"), "Lifetime", IF(F74="First aid (V)", E74+5, E74+3))) -> 2029 | H74: =IF(ISBLANK(G74), "", IF(G74="Lifetime", "Valid", IF(YEAR(TODAY())>=G74, "Due", "Valid"))) -> Valid
A75: 9331 | B75: Arya Goutami Nath | C75: Asst. General Manager(Geology) | D75: GEOLOGY | G75: =IF(ISBLANK(E75), "", IF(OR(F75="First aid (M)", F75="First aid (L)"), "Lifetime", IF(F75="First aid (V)", E75+5, E75+3))) | H75: =IF(ISBLANK(G75), "", IF(G75="Lifetime", "Valid", IF(YEAR(TODAY())>=G75, "Due", "Valid"))) -> Valid
A76: 9936 | B76: Malaya Kumar Sahoo | C76: Asst. Geneal Manager(Geology) | D76: GEOLOGY | E76: 2026 | F76: First aid (S) | G76: =IF(ISBLANK(E76), "", IF(OR(F76="First aid (M)", F76="First aid (L)"), "Lifetime", IF(F76="First aid (V)", E76+5, E76+3))) -> 2029 | H76: =IF(ISBLANK(G76), "", IF(G76="Lifetime", "Valid", IF(YEAR(TODAY())>=G76, "Due", "Valid"))) -> Valid
A77: 10584 | B77: Madhab Nayak | C77: Technician (Mechanical) Gr. III | D77: GEOLOGY | E77: 2023 | F77: First aid (S) | G77: =IF(ISBLANK(E77), "", IF(OR(F77="First aid (M)", F77="First aid (L)"), "Lifetime", IF(F77="First aid (V)", E77+5, E77+3))) -> 2026 | H77: =IF(ISBLANK(G77), "", IF(G77="Lifetime", "Valid", IF(YEAR(TODAY())>=G77, "Due", "Valid"))) -> Due
A78: 9910 | B78: Swagatika Behera | C78: Geological Assistant Gr.II | D78: GEOLOGY | E78: 2018 | F78: First aid (S) | G78: =IF(ISBLANK(E78), "", IF(OR(F78="First aid (M)", F78="First aid (L)"), "Lifetime", IF(F78="First aid (V)", E78+5, E78+3))) -> 2021 | H78: =IF(ISBLANK(G78), "", IF(G78="Lifetime", "Valid", IF(YEAR(TODAY())>=G78, "Due", "Valid"))) -> Due
A79: 10027 | B79: Gagan Chhati | C79: Operator(HEMM) Gr.II | D79: GEOLOGY | E79: 2025 | F79: First aid (S) | G79: =IF(ISBLANK(E79), "", IF(OR(F79="First aid (M)", F79="First aid (L)"), "Lifetime", IF(F79="First aid (V)", E79+5, E79+3))) -> 2028 | H79: =IF(ISBLANK(G79), "", IF(G79="Lifetime", "Valid", IF(YEAR(TODAY())>=G79, "Due", "Valid"))) -> Valid
A80: 8874 | B80: Mohan Muduli | C80: Operator (HEMM) Gr.I | D80: GEOLOGY | E80: 2025 | F80: First aid (S) | G80: =IF(ISBLANK(E80), "", IF(OR(F80="First aid (M)", F80="First aid (L)"), "Lifetime", IF(F80="First aid (V)", E80+5, E80+3))) -> 2028 | H80: =IF(ISBLANK(G80), "", IF(G80="Lifetime", "Valid", IF(YEAR(TODAY())>=G80, "Due", "Valid"))) -> Valid
A81: 9909 | B81: Arijit Bera | C81: Geological Assistant Gr.I | D81: GEOLOGY | E81: 2022 | F81: First aid (S) | G81: =IF(ISBLANK(E81), "", IF(OR(F81="First aid (M)", F81="First aid (L)"), "Lifetime", IF(F81="First aid (V)", E81+5, E81+3))) -> 2025 | H81: =IF(ISBLANK(G81), "", IF(G81="Lifetime", "Valid", IF(YEAR(TODAY())>=G81, "Due", "Valid"))) -> Due
A82: 8728 | B82: Girija Prasad Parida | C82: Asst.Geologist | D82: GEOLOGY | E82: 2026 | F82: First aid (V) | G82: =IF(ISBLANK(E82), "", IF(OR(F82="First aid (M)", F82="First aid (L)"), "Lifetime", IF(F82="First aid (V)", E82+5, E82+3))) -> 2031 | H82: =IF(ISBLANK(G82), "", IF(G82="Lifetime", "Valid", IF(YEAR(TODAY())>=G82, "Due", "Valid"))) -> Valid
A83: 8542 | B83: Asiskumar Patnaik | C83: Geologist | D83: GEOLOGY | G83: =IF(ISBLANK(E83), "", IF(OR(F83="First aid (M)", F83="First aid (L)"), "Lifetime", IF(F83="First aid (V)", E83+5, E83+3))) | H83: =IF(ISBLANK(G83), "", IF(G83="Lifetime", "Valid", IF(YEAR(TODAY())>=G83, "Due", "Valid"))) -> Valid
A84: 10119 | B84: Rabi Mania | C84: Semiskilled Worker Gr.II | D84: GEOLOGY | E84: 2023 | F84: First aid (S) | G84: =IF(ISBLANK(E84), "", IF(OR(F84="First aid (M)", F84="First aid (L)"), "Lifetime", IF(F84="First aid (V)", E84+5, E84+3))) -> 2026 | H84: =IF(ISBLANK(G84), "", IF(G84="Lifetime", "Valid", IF(YEAR(TODAY())>=G84, "Due", "Valid"))) -> Due
A85: 11335 | B85: Sunny Abhishek Tigga | C85: SUPT(JOT)-Geologist | D85: GEOLOGY | G85: =IF(ISBLANK(E85), "", IF(OR(F85="First aid (M)", F85="First aid (L)"), "Lifetime", IF(F85="First aid (V)", E85+5, E85+3))) | H85: =IF(ISBLANK(G85), "", IF(G85="Lifetime", "Valid", IF(YEAR(TODAY())>=G85, "Due", "Valid"))) -> Valid
A86: 11343 | B86: Ashish Kumar Sethy | C86: SUPT(JOT)-Geologist | D86: GEOLOGY | G86: =IF(ISBLANK(E86), "", IF(OR(F86="First aid (M)", F86="First aid (L)"), "Lifetime", IF(F86="First aid (V)", E86+5, E86+3))) | H86: =IF(ISBLANK(G86), "", IF(G86="Lifetime", "Valid", IF(YEAR(TODAY())>=G86, "Due", "Valid"))) -> Valid
A87: 11481 | B87: Jajnadatta Pradhan | C87: SUPT(JOT)-Geologist | D87: GEOLOGY | G87: =IF(ISBLANK(E87), "", IF(OR(F87="First aid (M)", F87="First aid (L)"), "Lifetime", IF(F87="First aid (V)", E87+5, E87+3))) | H87: =IF(ISBLANK(G87), "", IF(G87="Lifetime", "Valid", IF(YEAR(TODAY())>=G87, "Due", "Valid"))) -> Valid
A88: 11525 | B88: Shivangee Singha | C88: SUPT(JOT)-Geologist | D88: GEOLOGY | G88: =IF(ISBLANK(E88), "", IF(OR(F88="First aid (M)", F88="First aid (L)"), "Lifetime", IF(F88="First aid (V)", E88+5, E88+3))) | H88: =IF(ISBLANK(G88), "", IF(G88="Lifetime", "Valid", IF(YEAR(TODAY())>=G88, "Due", "Valid"))) -> Valid
A89: 10610 | B89: Doddi Ravi Kumar | C89: Manager (Horticulture) | D89: ADMINISTRATION | E89: 2024 | F89: First aid (S) | G89: =IF(ISBLANK(E89), "", IF(OR(F89="First aid (M)", F89="First aid (L)"), "Lifetime", IF(F89="First aid (V)", E89+5, E89+3))) -> 2027 | H89: =IF(ISBLANK(G89), "", IF(G89="Lifetime", "Valid", IF(YEAR(TODAY())>=G89, "Due", "Valid"))) -> Valid
A90: 7612 | B90: Somanath Acharya | C90: Chargeman Gr.III | D90: ADMINISTRATION | E90: 2025 | F90: First aid (S) | G90: =IF(ISBLANK(E90), "", IF(OR(F90="First aid (M)", F90="First aid (L)"), "Lifetime", IF(F90="First aid (V)", E90+5, E90+3))) -> 2028 | H90: =IF(ISBLANK(G90), "", IF(G90="Lifetime", "Valid", IF(YEAR(TODAY())>=G90, "Due", "Valid"))) -> Valid
A91: 7133 | B91: Rabindranath Tirkey | C91: Chargeman Gr.I | D91: ADMINISTRATION | G91: =IF(ISBLANK(E91), "", IF(OR(F91="First aid (M)", F91="First aid (L)"), "Lifetime", IF(F91="First aid (V)", E91+5, E91+3))) | H91: =IF(ISBLANK(G91), "", IF(G91="Lifetime", "Valid", IF(YEAR(TODAY())>=G91, "Due", "Valid"))) -> Valid
A92: 10820 | B92: Susant Kumar Panda | C92: Deputy Manager(HR) | D92: HR | G92: =IF(ISBLANK(E92), "", IF(OR(F92="First aid (M)", F92="First aid (L)"), "Lifetime", IF(F92="First aid (V)", E92+5, E92+3))) | H92: =IF(ISBLANK(G92), "", IF(G92="Lifetime", "Valid", IF(YEAR(TODAY())>=G92, "Due", "Valid"))) -> Valid
A93: 6341 | B93: Rajeswar Patra | C93: Manager(HR) | D93: HR | G93: =IF(ISBLANK(E93), "", IF(OR(F93="First aid (M)", F93="First aid (L)"), "Lifetime", IF(F93="First aid (V)", E93+5, E93+3))) | H93: =IF(ISBLANK(G93), "", IF(G93="Lifetime", "Valid", IF(YEAR(TODAY())>=G93, "Due", "Valid"))) -> Valid
A94: 7166 | B94: Bathula Venkata Suresh Babu | C94: General Manager(HR) | D94: HR | G94: =IF(ISBLANK(E94), "", IF(OR(F94="First aid (M)", F94="First aid (L)"), "Lifetime", IF(F94="First aid (V)", E94+5, E94+3))) | H94: =IF(ISBLANK(G94), "", IF(G94="Lifetime", "Valid", IF(YEAR(TODAY())>=G94, "Due", "Valid"))) -> Valid
A95: 9799 | B95: Rama Krishna Choudhury | C95: Sr. Assistant(HR) | D95: HR | E95: 2023 | F95: First aid (S) | G95: =IF(ISBLANK(E95), "", IF(OR(F95="First aid (M)", F95="First aid (L)"), "Lifetime", IF(F95="First aid (V)", E95+5, E95+3))) -> 2026 | H95: =IF(ISBLANK(G95), "", IF(G95="Lifetime", "Valid", IF(YEAR(TODAY())>=G95, "Due", "Valid"))) -> Due
A96: 10129 | B96: Bhagirathi Pattnaik | C96: Technician(Mechanical) Gr.II | D96: ADMINISTRATION | E96: 2024 | F96: First aid (V) | G96: =IF(ISBLANK(E96), "", IF(OR(F96="First aid (M)", F96="First aid (L)"), "Lifetime", IF(F96="First aid (V)", E96+5, E96+3))) -> 2029 | H96: =IF(ISBLANK(G96), "", IF(G96="Lifetime", "Valid", IF(YEAR(TODAY())>=G96, "Due", "Valid"))) -> Valid
A97: 9988 | B97: Debashis Behera | C97: Semiskilled Worker Gr.II | D97: HR | E97: 2025 | F97: First aid (S) | G97: =IF(ISBLANK(E97), "", IF(OR(F97="First aid (M)", F97="First aid (L)"), "Lifetime", IF(F97="First aid (V)", E97+5, E97+3))) -> 2028 | H97: =IF(ISBLANK(G97), "", IF(G97="Lifetime", "Valid", IF(YEAR(TODAY())>=G97, "Due", "Valid"))) -> Valid
A98: 10117 | B98: Deepak Kumar Mohanta | C98: Semiskilled Worker Gr.II | D98: ADMINISTRATION | E98: 2025 | F98: First aid (V) | G98: =IF(ISBLANK(E98), "", IF(OR(F98="First aid (M)", F98="First aid (L)"), "Lifetime", IF(F98="First aid (V)", E98+5, E98+3))) -> 2030 | H98: =IF(ISBLANK(G98), "", IF(G98="Lifetime", "Valid", IF(YEAR(TODAY())>=G98, "Due", "Valid"))) -> Valid
A99: 10577 | B99: Babloo Soni | C99: Deputy Manager(Materials) | D99: MATERIALS | E99: 2024 | F99: First aid (S) | G99: =IF(ISBLANK(E99), "", IF(OR(F99="First aid (M)", F99="First aid (L)"), "Lifetime", IF(F99="First aid (V)", E99+5, E99+3))) -> 2027 | H99: =IF(ISBLANK(G99), "", IF(G99="Lifetime", "Valid", IF(YEAR(TODAY())>=G99, "Due", "Valid"))) -> Valid
A100: 5665 | B100: M Jagannath | C100: Sr.Manager(Materials) | D100: MATERIALS | E100: 2026 | F100: First aid (S) | G100: =IF(ISBLANK(E100), "", IF(OR(F100="First aid (M)", F100="First aid (L)"), "Lifetime", IF(F100="First aid (V)", E100+5, E100+3))) -> 2029 | H100: =IF(ISBLANK(G100), "", IF(G100="Lifetime", "Valid", IF(YEAR(TODAY())>=G100, "Due", "Valid"))) -> Valid
A101: 10169 | B101: Bharat Pujari | C101: Assistant(Materials) Gr.I | D101: MATERIALS | G101: =IF(ISBLANK(E101), "", IF(OR(F101="First aid (M)", F101="First aid (L)"), "Lifetime", IF(F101="First aid (V)", E101+5, E101+3))) | H101: =IF(ISBLANK(G101), "", IF(G101="Lifetime", "Valid", IF(YEAR(TODAY())>=G101, "Due", "Valid"))) -> Valid
...

Sheet Fire_Fighting
A1: << Back to Dashboard
A3: Pers No | B3: Name | C3: Designation | D3: Department | E3: Fire Fighting Last Date | F3: Fire Fighting Expiry Date | G3: Due Alert
A4: 6374 | B4: Bhabani Sankar Rout | C4: Assistant Manager(Administration) | D4: ADMINISTRATION | F4: =IF(ISBLANK(E4), "", EDATE(E4, 12)) | G4: =IF(ISBLANK(F4), "", IF(TODAY()>=EDATE(F4, -1), "Due", "Valid")) -> #VALUE!
A5: 5716 | B5: Jerom Xess | C5: Deputy Manager(Administration) | D5: ADMINISTRATION | F5: =IF(ISBLANK(E5), "", EDATE(E5, 12)) | G5: =IF(ISBLANK(F5), "", IF(TODAY()>=EDATE(F5, -1), "Due", "Valid")) -> #VALUE!
A6: 10395 | B6: Danguru Saunta | C6: Semiskilled Worker Gr.II | D6: ADMINISTRATION | F6: =IF(ISBLANK(E6), "", EDATE(E6, 12)) | G6: =IF(ISBLANK(F6), "", IF(TODAY()>=EDATE(F6, -1), "Due", "Valid")) -> #VALUE!
A7: 9311 | B7: Satyaban Nayak@Mali | C7: Sr.Semiskilled Worker Gr.II | D7: ADMINISTRATION | F7: =IF(ISBLANK(E7), "", EDATE(E7, 12)) | G7: =IF(ISBLANK(F7), "", IF(TODAY()>=EDATE(F7, -1), "Due", "Valid")) -> #VALUE!
A8: 9504 | B8: Mohan Khora | C8: Sr.Semiskilled Worker Gr.II | D8: ADMINISTRATION | F8: =IF(ISBLANK(E8), "", EDATE(E8, 12)) | G8: =IF(ISBLANK(F8), "", IF(TODAY()>=EDATE(F8, -1), "Due", "Valid")) -> #VALUE!
A9: 9310 | B9: Chandra Sekhar Lamta | C9: Sr.Semisilled Worker Gr.I | D9: ADMINISTRATION | F9: =IF(ISBLANK(E9), "", EDATE(E9, 12)) | G9: =IF(ISBLANK(F9), "", IF(TODAY()>=EDATE(F9, -1), "Due", "Valid")) -> #VALUE!
A10: 10863 | B10: Sanjaya Senapati | C10: AM (Mechanical) | D10: HR | F10: =IF(ISBLANK(E10), "", EDATE(E10, 12)) | G10: =IF(ISBLANK(F10), "", IF(TODAY()>=EDATE(F10, -1), "Due", "Valid")) -> #VALUE!
A11: 6682 | B11: Chaitanya Murmu | C11: Dy. Manager(Secretarial) | D11: SECRETARIATE | F11: =IF(ISBLANK(E11), "", EDATE(E11, 12)) | G11: =IF(ISBLANK(F11), "", IF(TODAY()>=EDATE(F11, -1), "Due", "Valid")) -> #VALUE!
A12: 5510 | B12: N Srinivasa Sudhakar | C12: Chief General Manager (O&M),Mines | D12: SECRETARIATE | F12: =IF(ISBLANK(E12), "", EDATE(E12, 12)) | G12: =IF(ISBLANK(F12), "", IF(TODAY()>=EDATE(F12, -1), "Due", "Valid")) -> #VALUE!
A13: 9732 | B13: Purusottam Mohanta | C13: Chief General Manager(Mines) | D13: SECRETARIATE | F13: =IF(ISBLANK(E13), "", EDATE(E13, 12)) | G13: =IF(ISBLANK(F13), "", IF(TODAY()>=EDATE(F13, -1), "Due", "Valid")) -> #VALUE!
A14: 6133 | B14: Niranjan Ray | C14: Senior Manager(Civil) | D14: CIVIL | F14: =IF(ISBLANK(E14), "", EDATE(E14, 12)) | G14: =IF(ISBLANK(F14), "", IF(TODAY()>=EDATE(F14, -1), "Due", "Valid")) -> #VALUE!
A15: 9091 | B15: Shailesh Toppo | C15: Senior Manager(Civil) | D15: CIVIL | F15: =IF(ISBLANK(E15), "", EDATE(E15, 12)) | G15: =IF(ISBLANK(F15), "", IF(TODAY()>=EDATE(F15, -1), "Due", "Valid")) -> #VALUE!
... A479: 6677 | B479: Ganti Ramesh Kumar | C479: Superintendent (Mining) Gr.II | D479: ADMINISTRATION | F479: =IF(ISBLANK(E479), "", EDATE(E479, 12)) | G479: =IF(ISBLANK(F479), "", IF(TODAY()>=EDATE(F479, -1), "Due", "Valid")) -> #VALUE!

Sheet Supervisor
A1: << Back to Dashboard
A3: Pers No | B3: Name | C3: Designation | D3: Department | E3: Supervisor Last Date | F3: Supervisor Expiry Date | G3: Due Alert
A4: 7449 | B4: Sasi Bhusan Behera | C4: Sr.Foreman(Electrical) Gr.I | D4: ELECTRICAL | F4: =IF(ISBLANK(E4), "", EDATE(E4, 24)) | G4: =IF(ISBLANK(F4), "", IF(TODAY()>=EDATE(F4, -1), "Due", "Valid")) -> #VALUE!
A5: 7465 | B5: Kishor Kumar Lenka | C5: Sr.Foreman(Electical) Gr.I | D5: ELECTRICAL | F5: =IF(ISBLANK(E5), "", EDATE(E5, 24)) | G5: =IF(ISBLANK(F5), "", IF(TODAY()>=EDATE(F5, -1), "Due", "Valid")) -> #VALUE!
A6: 7467 | B6: Raghunath Mohanta | C6: Sr.Foreman(Electrical) Gr.I | D6: ELECTRICAL | F6: =IF(ISBLANK(E6), "", EDATE(E6, 24)) | G6: =IF(ISBLANK(F6), "", IF(TODAY()>=EDATE(F6, -1), "Due", "Valid")) -> #VALUE!
A7: 9713 | B7: Ramaniranjan Nayak | C7: Foreman(Mechanical) | D7: MECHANICAL | F7: =IF(ISBLANK(E7), "", EDATE(E7, 24)) | G7: =IF(ISBLANK(F7), "", IF(TODAY()>=EDATE(F7, -1), "Due", "Valid")) -> #VALUE!
A8: 7978 | B8: Susanta Kumar Singh | C8: Sr. Foreman (Mechancial) Gr.II | D8: MECHANICAL | F8: =IF(ISBLANK(E8), "", EDATE(E8, 24)) | G8: =IF(ISBLANK(F8), "", IF(TODAY()>=EDATE(F8, -1), "Due", "Valid")) -> #VALUE!
A9: 7256 | B9: Santosh Kumar Mishra | C9: Sr. Foreman (Mechancial) Gr.I | D9: MECHANICAL | F9: =IF(ISBLANK(E9), "", EDATE(E9, 24)) | G9: =IF(ISBLANK(F9), "", IF(TODAY()>=EDATE(F9, -1), "Due", "Valid")) -> #VALUE!
A10: 7278 | B10: Susanta Sekhar Padhee | C10: Sr.Foreman(Mech) Gr.I | D10: MECHANICAL | F10: =IF(ISBLANK(E10), "", EDATE(E10, 24)) | G10: =IF(ISBLANK(F10), "", IF(TODAY()>=EDATE(F10, -1), "Due", "Valid")) -> #VALUE!
A11: 7370 | B11: Pravasa Ranjan Sahoo | C11: Sr.Foreman(Mechancial) Gr.I | D11: MECHANICAL | F11: =IF(ISBLANK(E11), "", EDATE(E11, 24)) | G11: =IF(ISBLANK(F11), "", IF(TODAY()>=EDATE(F11, -1), "Due", "Valid")) -> #VALUE!
A12: 8885 | B12: Santosh Kumar Patro | C12: Jr. Engineer (Electronics) Gr.II | D12: MECHANICAL | F12: =IF(ISBLANK(E12), "", EDATE(E12, 24)) | G12: =IF(ISBLANK(F12), "", IF(TODAY()>=EDATE(F12, -1), "Due", "Valid")) -> #VALUE!
A13: 7572 | B13: Anoop R Lal | C13: Sr.Foreman(Mechancial) Gr.I | D13: MECHANICAL | F13: =IF(ISBLANK(E13), "", EDATE(E13, 24)) | G13: =IF(ISBLANK(F13), "", IF(TODAY()>=EDATE(F13, -1), "Due", "Valid")) -> #VALUE!
A14: 7589 | B14: Anand Mohan Prasad | C14: Sr.Foreman(Mechancial) Gr.I | D14: MECHANICAL | F14: =IF(ISBLANK(E14), "", EDATE(E14, 24)) | G14: =IF(ISBLANK(F14), "", IF(TODAY()>=EDATE(F14, -1), "Due", "Valid")) -> #VALUE!
A15: 10095 | B15: Muguli Rajesh | C15: Asst. Foreman(Mechanical) | D15: MECHANICAL | F15: =IF(ISBLANK(E15), "", EDATE(E15, 24)) | G15: =IF(ISBLANK(F15), "", IF(TODAY()>=EDATE(F15, -1), "Due", "Valid")) -> #VALUE!
... A47: 5731 | B47: Basudev Gajendra | C47: Mine Foreman (SG-1) | D47: MINING | F47: =IF(ISBLANK(E47), "", EDATE(E47, 24)) | G47: =IF(ISBLANK(F47), "", IF(TODAY()>=EDATE(F47, -1), "Due", "Valid")) -> #VALUE!

Sheet OEM_Training
A1: << Back to Dashboard
A3: Pers No | B3: Name | C3: Designation | D3: Department | E3: Machine | F3: From Date | G3: To Date | H3: Man-days
A4: 8143 | B4: MD N ANSARI | C4: Chargeman Gr.II | D4: MINING | E4: In House Ripper -Dozer training | F4: 45699 | G4: 45699 | H4: 1
A5: 8150 | B5: H K Sethy | C5: Chargeman Gr.II | D5: MINING | E5: In House Ripper -Dozer training | F5: 45699 | G5: 45699 | H5: 1
A6: 8223 | B6: R MOHANANDIA | C6: Chargeman Gr.II | D6: MINING | E6: In House Ripper -Dozer training | F6: 45699 | G6: 45699 | H6: 1
A7: 9262 | B7: J MUDI | C7: Chargeman Gr.III | D7: MINING | E7: In House Ripper -Dozer training | F7: 45699 | G7: 45699 | H7: 1
A8: 9951 | B8: DHANURJAY NAYAK | C8: Operator(HEMM) Gr.II | D8: MINING | E8: In House Ripper -Dozer training | F8: 45699 | G8: 45699 | H8: 1
A9: 9965 | B9: ARUN PRADHAN | C9: Operator(HEMM) Gr.I | D9: MINING | E9: In House Ripper -Dozer training | F9: 45699 | G9: 45699 | H9: 1
A10: 7243 | B10: SINGURU SAUNTA | C10: Chargeman Gr.III | D10: MINING | E10: In House Ripper -Dozer training | F10: 45700 | G10: 45700 | H10: 1
A11: 7567 | B11: B GOUR | C11: Chargeman Gr.I | D11: MINING | E11: In House Ripper -Dozer training | F11: 45700 | G11: 45700 | H11: 1
A12: 8149 | B12: P K SAHOO | C12: Chargeman Gr.II | D12: MINING | E12: In House Ripper -Dozer training | F12: 45700 | G12: 45700 | H12: 1
A13: 8221 | B13: B K MOHANTA | C13: Chargeman Gr.II | D13: MINING | E13: In House Ripper -Dozer training | F13: 45700 | G13: 45700 | H13: 1
A14: 8734 | B14: S BARIK | C14: Chargeman Gr.II | D14: MINING | E14: In House Ripper -Dozer training | F14: 45700 | G14: 45700 | H14: 1
A15: 9505 | B15: B KULDEEP | C15: Sr.Semiskilled Worker Gr.II | D15: MINING | E15: In House Ripper -Dozer training | F15: 45700 | G15: 45700 | H15: 1
... A30: 8738 | B30: Satchidananda Nath | C30: Chargeman Gr.II | D30: MINING | E30: In House Ripper -Dozer training | F30: 45701 | G30: 45701 | H30: 1
A31: nan
A32: 7360 | B32: B NAYAK | C32: Chargeman Gr.I | D32: MINING | E32: WHEEL LOADER (WA700 & WA800) | F32: 45888 | G32: 45888 | H32: 1
A33: 9246 | B33: K KARNA | C33: Chargeman Gr.III | D33: MINING | E33: WHEEL LOADER (WA700 & WA800) | F33: 45888 | G33: 45888 | H33: 1
A34: 9261 | B34: P PARIDA | C34: Chargeman Gr.III | D34: MINING | E34: WHEEL LOADER (WA700 & WA800) | F34: 45888 | G34: 45888 | H34: 1
A35: 9308 | B35: M R ROUT | C35: Mine Foreman | D35: MINING | E35: WHEEL LOADER (WA700 & WA800) | F35: 45888 | G35: 45888 | H35: 1
A36: 9720 | B36: M K JANI | C36: Operator(HEMM) Gr.I | D36: MINING | E36: WHEEL LOADER (WA700 & WA800) | F36: 45888 | G36: 45888 | H36: 1
A37: 9724 | B37: S BHOWMIK | C37: Sr. Mining Mate Gr.I | D37: MINING | E37: WHEEL LOADER (WA700 & WA800) | F37: 45888 | G37: 45888 | H37: 1
A38: 9819 | B38: PRAFUL KHARA | C38: Operator(HEMM) Gr.I | D38: MINING | E38: WHEEL LOADER (WA700 & WA800) | F38: 45888 | G38: 45888 | H38: 1
A39: 9822 | B39: S S PRADHAN | C39: Operator(HEMM) Gr.I | D39: MINING | E39: WHEEL LOADER (WA700 & WA800) | F39: 45888 | G39: 45888 | H39: 1
A40: 9832 | B40: ABHISEKH DUTTA | C40: Operator(HEMM) Gr.I | D40: MINING | E40: WHEEL LOADER (WA700 & WA800) | F40: 45888 | G40: 45888 | H40: 1
A41: 9836 | B41: DEEPAK SINGH | C41: Operator(HEMM) Gr.I | D41: MINING | E41: WHEEL LOADER (WA700 & WA800) | F41: 45888 | G41: 45888 | H41: 1
A42: 9954 | B42: S K BARIK | C42: Operator(HEMM) Gr.I | D42: MINING | E42: WHEEL LOADER (WA700 & WA800) | F42: 45888 | G42: 45888 | H42: 1
A43: 9965 | B43: Arun Pradhan | C43: Operator(HEMM) Gr.I | D43: MINING | E43: WHEEL LOADER (WA700 & WA800) | F43: 45888 | G43: 45888 | H43: 1
A44: C2615 | B44: A Majhi | E44: WHEEL LOADER (WA700 & WA800) | F44: 45888 | G44: 45888 | H44: 1
A45: C2621 | B45: Murali Lamta | E45: WHEEL LOADER (WA700 & WA800) | F45: 45888 | G45: 45888 | H45: 1
A46: C153 | B46: K C Pradhan | E46: WHEEL LOADER (WA700 & WA800) | F46: 45888 | G46: 45888 | H46: 1
A47: 10374 | B47: Krishna Ch Maharana | C47: Mining Mate Gr.II | D47: MINING | E47: WHEEL LOADER (WA700 & WA800) | F47: 45888 | G47: 45888 | H47: 1
A48: 10385 | B48: Nakul Mali | C48: Operator(HEMM) Gr.III | D48: MINING | E48: WHEEL LOADER (WA700 & WA800) | F48: 45888 | G48: 45888 | H48: 1
A49: 8243 | B49: P L Mohanta | C49: Asst. Manager (Mining) | D49: MINING | E49: WHEEL LOADER (WA700 & WA800) | F49: 45888 | G49: 45888 | H49: 1
A50: 9649 | B50: Dashrath Kumar | C50: Senior Manager (Mines) | D50: MINING | E50: WHEEL LOADER (WA700 & WA800) | F50: 45888 | G50: 45888 | H50: 1
A51: 10674 | B51: Chayan Das | C51: Deputy Manager(Mining) | D51: MINING | E51: WHEEL LOADER (WA700 & WA800) | F51: 45888 | G51: 45888 | H51: 1
A52: 6914 | B52: I P GAMANGO | C52: Superintendent(HEMM) Gr.II | D52: MINING | E52: WHEEL LOADER (WA700 & WA800) | F52: 45889 | G52: 45889 | H52: 1
A53: 7261 | B53: S N PALO | C53: Chargeman Gr.I | D53: MINING | E53: WHEEL LOADER (WA700 & WA800) | F53: 45889 | G53: 45889 | H53: 1
A54: 8734 | B54: S BARIK | C54: Chargeman Gr.II | D54: MINING | E54: WHEEL LOADER (WA700 & WA800) | F54: 45889 | G54: 45889 | H54: 1
A55: 9259 | B55: B K KHARA | C55: Chargeman Gr.III | D55: MINING | E55: WHEEL LOADER (WA700 & WA800) | F55: 45889 | G55: 45889 | H55: 1
A56: 9721 | B56: M K CHETTY | C56: Operator(HEMM) Gr.I | D56: MINING | E56: WHEEL LOADER (WA700 & WA800) | F56: 45889 | G56: 45889 | H56: 1
A57: 9839 | B57: KANDARPA NAIK | C57: Operator(HEMM) Gr.I | D57: MINING | E57: WHEEL LOADER (WA700 & WA800) | F57: 45889 | G57: 45889 | H57: 1
A58: 9972 | B58: PABITRA JANI | C58: Operator(HEMM) Gr.I | D58: MINING | E58: WHEEL LOADER (WA700 & WA800) | F58: 45889 | G58: 45889 | H58: 1
... A62: 10414 | B62: S K BHUYAN | C62: Operator (HEMM) Gr.III | D62: MINING | E62: WHEEL LOADER (WA700 & WA800) | F62: 45889 | G62: 45889 | H62: 1
A63: C2722 | B63: Trinath Gouda | E63: WHEEL LOADER (WA700 & WA800) | F63: 45889 | G63: 45889 | H63: 1
A64: C2751 | B64: Uttam Turuk | E64: WHEEL LOADER (WA700 & WA800) | F64: 45889 | G64: 45889 | H64: 1
A65: C1416 | B65: Bhima Gouda | E65: WHEEL LOADER (WA700 & WA800) | F65: 45889 | G65: 45889 | H65: 1
A66: 8146 | B66: S N Muduli | C66: Chargeman Gr.II | D66: MINING | E66: WHEEL LOADER (WA700 & WA800) | F66: 45889 | G66: 45889 | H66: 1
A67: 9647 | B67: Anshuman Badu | C67: Manager(Mines) | D67: MINING | E67: WHEEL LOADER (WA700 & WA800) | F67: 45889 | G67: 45889 | H67: 1
A68: 10672 | B68: Rajeshwaran R | C68: Deputy Manager(Mining) | D68: MINING | E68: WHEEL LOADER (WA700 & WA800) | F68: 45889 | G68: 45889 | H68: 1
A69: 10509 | B69: Hritish K Mallick | C69: Assistant Manager (Mining) | D69: MINING | E69: WHEEL LOADER (WA700 & WA800) | F69: 45889 | G69: 45889 | H69: 1
A70: 7568 | B70: B C Das | C70: Deputy Manager(Mines) | D70: MINING | E70: WHEEL LOADER (WA700 & WA800) | F70: 45889 | G70: 45889 | H70: 1
A71: 6522 | B71: T B SABAT | C71: Superintendent(Mining) Gr.II | D71: MINING | E71: WHEEL LOADER (WA700 & WA800) | F71: 45890 | G71: 45890 | H71: 1
A72: 8141 | B72: ANIMON T | C72: Chargeman Gr.II | D72: MINING | E72: WHEEL LOADER (WA700 & WA800) | F72: 45890 | G72: 45890 | H72: 1
A73: 8148 | B73: H K PATRA | C73: Chargeman Gr.II | D73: MINING | E73: WHEEL LOADER (WA700 & WA800) | F73: 45890 | G73: 45890 | H73: 1
A74: 8149 | B74: P K SAHOO | C74: Chargeman Gr.II | D74: MINING | E74: WHEEL LOADER (WA700 & WA800) | F74: 45890 | G74: 45890 | H74: 1
A75: 8221 | B75: B K MOHANTA | C75: Chargeman Gr.II | D75: MINING | E75: WHEEL LOADER (WA700 & WA800) | F75: 45890 | G75: 45890 | H75: 1
A76: 9368 | B76: SISIR TIRKEY | C76: Chargeman Gr.III | D76: MINING | E76: WHEEL LOADER (WA700 & WA800) | F76: 45890 | G76: 45890 | H76: 1
A77: 9726 | B77: SANTANU SAHOO | C77: Sr. Mining Mate Gr.I | D77: MINING | E77: WHEEL LOADER (WA700 & WA800) | F77: 45890 | G77: 45890 | H77: 1
... A80: 10412 | B80: J KHORA | C80: Operator (HEMM) Gr.III | D80: MINING | E80: WHEEL LOADER (WA700 & WA800) | F80: 45890 | G80: 45890 | H80: 1
A81: C2618 | B81: S N Gouda | E81: WHEEL LOADER (WA700 & WA800) | F81: 45890 | G81: 45890 | H81: 1
A82: C2893 | B82: K B Bisoi | E82: WHEEL LOADER (WA700 & WA800) | F82: 45890 | G82: 45890 | H82: 1
A83: C3586 | B83: D Mali | E83: WHEEL LOADER (WA700 & WA800) | F83: 45890 | G83: 45890 | H83: 1
A84: 9947 | B84: Ashok Khora | C84: Operator(HEMM) Gr.I | D84: MINING | E84: WHEEL LOADER (WA700 & WA800) | F84: 45890 | G84: 45890 | H84: 1
A85: 10359 | B85: S C Sahoo | C85: Sr. Mining Mate Gr.II | D85: MINING | E85: WHEEL LOADER (WA700 & WA800) | F85: 45890 | G85: 45890 | H85: 1
A86: 10673 | B86: S S Mishra | C86: Deputy Manager(Mining) | D86: MINING | E86: WHEEL LOADER (WA700 & WA800) | F86: 45890 | G86: 45890 | H86: 1
A87: 10670 | B87: Rohan Barik | C87: Deputy Manager(Mining) | D87: MINING | E87: WHEEL LOADER (WA700 & WA800) | F87: 45890 | G87: 45890 | H87: 1
A88: 6915 | B88: P U Lakra | C88: Superintendent (Mining) Gr.II | D88: MINING | E88: WHEEL LOADER (WA700 & WA800) | F88: 45891 | G88: 45891 | H88: 1
A89: 7243 | B89: SINGURU SAUNTA | C89: Chargeman Gr.III | D89: MINING | E89: WHEEL LOADER (WA700 & WA800) | F89: 45891 | G89: 45891 | H89: 1
A90: 7570 | B90: A K Jena | E90: WHEEL LOADER (WA700 & WA800) | F90: 45891 | G90: 45891 | H90: 1
A91: 7979 | B91: A S MEENA | C91: Chargeman Gr.II | D91: MINING | E91: WHEEL LOADER (WA700 & WA800) | F91: 45891 | G91: 45891 | H91: 1
A92: 8729 | B92: S NAIK | C92: Chargeman Gr.II | D92: MINING | E92: WHEEL LOADER (WA700 & WA800) | F92: 45891 | G92: 45891 | H92: 1
A93: 8732 | B93: J J PANIGRAHY | C93: Chargeman Gr.II | D93: MINING | E93: WHEEL LOADER (WA700 & WA800) | F93: 45891 | G93: 45891 | H93: 1
A94: 9247 | B94: S BEHERA | C94: Chargeman Gr.III | D94: MINING | E94: WHEEL LOADER (WA700 & WA800) | F94: 45891 | G94: 45891 | H94: 1
A95: 9738 | B95: J CHOUDHURY | C95: Operator(HEMM) Gr.I | D95: MINING | E95: WHEEL LOADER (WA700 & WA800) | F95: 45891 | G95: 45891 | H95: 1
A96: 9959 | B96: MUKESH DAS | C96: Operator(HEMM) Gr.I | D96: MINING | E96: WHEEL LOADER (WA700 & WA800) | F96: 45891 | G96: 45891 | H96: 1
A97: 9962 | B97: P SANTA | C97: Operator(HEMM) Gr.I | D97: MINING | E97: WHEEL LOADER (WA700 & WA800) | F97: 45891 | G97: 45891 | H97: 1
A98: 10375 | B98: JITENDRA SAHOO | C98: Asst. Foreman (Mining) | D98: MINING | E98: WHEEL LOADER (WA700 & WA800) | F98: 45891 | G98: 45891 | H98: 1
A99: 10413 | B99: T K GOUDA | C99: Operator (HEMM) Gr.III | D99: MINING | E99: WHEEL LOADER (WA700 & WA800) | F99: 45891 | G99: 45891 | H99: 1
A100: C2702 | B100: Kuna Kuldip | E100: WHEEL LOADER (WA700 & WA800) | F100: 45891 | G100: 45891 | H100: 1
A101: C2616 | B101: Babula Badnayak | E101: WHEEL LOADER (WA700 & WA800) | F101: 45891 | G101: 45891 | H101: 1
A102: C2647 | B102: Ramesh Patra | E102: WHEEL LOADER (WA700 & WA800) | F102: 45891 | G102: 45891 | H102: 1
A103: 10384 | B103: Govind Barik | C103: Jr.Foreman(Mining) | D103: MINING | E103: WHEEL LOADER (WA700 & WA800) | F103: 45891 | G103: 45891 | H103: 1
A104: 10663 | B104: Suraj Sethy | C104: Deputy Manager(Mining) | D104: MINING | E104: WHEEL LOADER (WA700 & WA800) | F104: 45891 | G104: 45891 | H104: 1
A105: 8242 | B105: N D Sethy | C105: Asst. Manager (Mining) | D105: MINING | E105: WHEEL LOADER (WA700 & WA800) | F105: 45891 | G105: 45891 | H105: 1
A106: 10718 | B106: Mihir Kr Bhuiyan | C106: Deputy Manager(Mining) | D106: MINING | E106: WHEEL LOADER (WA700 & WA800) | F106: 45891 | G106: 45891 | H106: 1
A107: 6834 | B107: P BACHHAR | C107: Superintendent (Mining) Gr.II | D107: MINING | E107: WHEEL LOADER (WA700 & WA800) | F107: 45892 | G107: 45892 | H107: 1
A108: 6944 | B108: KIA SANTA | C108: Chargeman Gr.III | D108: MINING | E108: WHEEL LOADER (WA700 & WA800) | F108: 45892 | G108: 45892 | H108: 1
A109: 8143 | B109: MD N ANSARI | C109: Chargeman Gr.II | D109: MINING | E109: WHEEL LOADER (WA700 & WA800) | F109: 45892 | G109: 45892 | H109: 1
A110: 7133 | B110: R N Tirkey | C110: Chargeman Gr.I | D110: ADMINISTRATION | E110: WHEEL LOADER (WA700 & WA800) | F110: 45892 | G110: 45892 | H110: 1
A111: 8731 | B111: R N SETHY | C111: Chargeman Gr.III | D111: MINING | E111: WHEEL LOADER (WA700 & WA800) | F111: 45892 | G111: 45892 | H111: 1
A112: 9817 | B112: JHUNA TURUK | C112: Operator(HEMM) Gr.I | D112: MINING | E112: WHEEL LOADER (WA700 & WA800) | F112: 45892 | G112: 45892 | H112: 1
A113: 9825 | B113: S K Hikaka | C113: Operator(HEMM) Gr.I | D113: MINING | E113: WHEEL LOADER (WA700 & WA800) | F113: 45892 | G113: 45892 | H113: 1
A114: 9829 | B114: S R MOHANTY | C114: Operator(HEMM) Gr.I | D114: MINING | E114: WHEEL LOADER (WA700 & WA800) | F114: 45892 | G114: 45892 | H114: 1
... A117: 10360 | B117: PUTAL MAHAKUD | C117: Sr. Mining Mate Gr.II | D117: MINING | E117: WHEEL LOADER (WA700 & WA800) | F117: 45892 | G117: 45892 | H117: 1
A118: C2750 | B118: B K Kaushliya | E118: WHEEL LOADER (WA700 & WA800) | F118: 45892 | G118: 45892 | H118: 1
A119: C | B119: S K Pangi | E119: WHEEL LOADER (WA700 & WA800) | F119: 45892 | G119: 45892 | H119: 1
A120: C2708 | B120: Pitabas Gouda | E120: WHEEL LOADER (WA700 & WA800) | F120: 45892 | G120: 45892 | H120: 1
A121: 9946 | B121: Gopinath Gouda | C121: Operator(HEMM) Gr.I | D121: MINING | E121: WHEEL LOADER (WA700 & WA800) | F121: 45892 | G121: 45892 | H121: 1
A122: 10356 | B122: Sujit Mohanty | C122: Jr.Foreman(Mining) | D122: MINING | E122: WHEEL LOADER (WA700 & WA800) | F122: 45892 | G122: 45892 | H122: 1
...

Sheet Service_Training
A1: << Back to Dashboard
A3: Pers No | B3: Name | C3: Designation | D3: Department | E3: Type of Training | F3: Topic | G3: Location | H3: From Date | I3: To Date | J3: Total Days
A4: 9720 | B4: Manoj kumar Jani | C4: Operator(HEMM) Gr.I | D4: MINING | E4: SERVICE TRAINING | F4: BH100 AND BH60ML | G4: Mysuru | H4: 45157 | I4: 45163 | J4: 7
A5: 9721 | B5: M K Cheety | C5: Operator(HEMM) Gr.I | D5: MINING | E5: SERVICE TRAINING | F5: BH100 AND BH60ML | G5: Mysuru | H5: 45157 | I5: 45163 | J5: 7
A6: 9738 | B6: Jogesh Choudhury | C6: Operator(HEMM) Gr.I | D6: MINING | E6: SERVICE TRAINING | F6: BH100 AND BH60ML | G6: Mysuru | H6: 45157 | I6: 45163 | J6: 7
A7: 9812 | B7: Prashant Khora | C7: Operator(HEMM) Gr.I | D7: MINING | E7: SERVICE TRAINING | F7: BH100 AND BH60ML | G7: Mysuru | H7: 45157 | I7: 45163 | J7: 7
A8: 9814 | B8: ABHIRAM MALI | C8: Operator(HEMM) Gr.I | D8: MINING | E8: SERVICE TRAINING | F8: BH100 AND BH60ML | G8: Mysuru | H8: 45157 | I8: 45163 | J8: 7
A9: 9816 | B9: Ashok kumar Nayak | C9: Operator(HEMM) Gr.I | D9: MINING | E9: SERVICE TRAINING | F9: BH100 AND BH60ML | G9: Mysuru | H9: 45157 | I9: 45163 | J9: 7
A10: 9817 | B10: Jhuna Turuk | C10: Operator(HEMM) Gr.I | D10: MINING | E10: SERVICE TRAINING | F10: BH100 AND BH60ML | G10: Mysuru | H10: 45157 | I10: 45163 | J10: 7
A11: 9819 | B11: Praful Khora | C11: Operator(HEMM) Gr.I | D11: MINING | E11: SERVICE TRAINING | F11: BH100 AND BH60ML | G11: Mysuru | H11: 45157 | I11: 45163 | J11: 7
A12: 9820 | B12: M S nag | C12: Operator(HEMM) Gr.I | D12: MINING | E12: SERVICE TRAINING | F12: BH100 AND BH60ML | G12: Mysuru | H12: 45157 | I12: 45163 | J12: 7
A13: 9505 | B13: Bhajman kuldip | C13: Sr.Semiskilled Worker Gr.II | D13: MINING | E13: SERVICE TRAINING | F13: BH100 AND BH60ML | G13: Mysuru | H13: 45157 | I13: 45163 | J13: 7
A14: 9818 | B14: Brundaban Choudhury | C14: Operator(HEMM) Gr.I | D14: MINING | E14: SERVICE TRAINING | F14: BH100 AND BH60ML | G14: Mysuru | H14: 45157 | I14: 45163 | J14: 7
A15: 9821 | B15: Manu Mali | E15: SERVICE TRAINING | F15: BH100 AND BH60ML | G15: MYSURU | H15: 45493 | I15: 45499 | J15: 7
A16: 9822 | B16: S S Pradhan | C16: Operator(HEMM) Gr.I | D16: MINING | E16: SERVICE TRAINING | F16: BH100 AND BH60ML | G16: MYSURU | H16: 45493 | I16: 45499 | J16: 7
A17: 7243 | B17: Singru Santa | C17: Chargeman Gr.III | D17: MINING | E17: SERVICE TRAINING | F17: BH100 AND BH60ML | G17: MYSURU | H17: 45493 | I17: 45499 | J17: 7
A18: 9825 | B18: S K Hikaka | C18: Operator(HEMM) Gr.I | D18: MINING | E18: SERVICE TRAINING | F18: BH100 AND BH60ML | G18: MYSURU | H18: 45493 | I18: 45499 | J18: 7
A19: 9826 | B19: Laxman Gouda | E19: SERVICE TRAINING | F19: BH100 AND BH60ML | G19: MYSURU | H19: 45493 | I19: 45499 | J19: 7
A20: 9830 | B20: G Badnayak | C20: Operator(HEMM) Gr.I | D20: MINING | E20: SERVICE TRAINING | F20: BH100 AND BH60ML | G20: MYSURU | H20: 45493 | I20: 45499 | J20: 7
A21: 9828 | B21: S K mallick | C21: Operator(HEMM) Gr.I | D21: MINING | E21: SERVICE TRAINING | F21: BH100 AND BH60ML | G21: MYSURU | H21: 45496 | I21: 45502 | J21: 7
A22: 9829 | B22: S R Mohanty | C22: Operator(HEMM) Gr.I | D22: MINING | E22: SERVICE TRAINING | F22: BH100 AND BH60ML | G22: MYSURU | H22: 45496 | I22: 45502 | J22: 7
A23: 9831 | B23: Krushna Muduli | C23: Operator(HEMM) Gr.I | D23: MINING | E23: SERVICE TRAINING | F23: BH100 AND BH60ML | G23: MYSURU | H23: 45496 | I23: 45502 | J23: 7
A24: 9832 | B24: Abhishek Dutta | C24: Operator(HEMM) Gr.I | D24: MINING | E24: SERVICE TRAINING | F24: BH100 AND BH60ML | G24: MYSURU | H24: 45496 | I24: 45502 | J24: 7
A25: 9833 | B25: Dullabh Nag | C25: Operator(HEMM) Gr.I | D25: MINING | E25: SERVICE TRAINING | F25: BH100 AND BH60ML | G25: MYSURU | H25: 45496 | I25: 45502 | J25: 7
A26: 9946 | B26: Gopinath Gouda | C26: Operator(HEMM) Gr.I | D26: MINING | E26: SERVICE TRAINING | F26: BH100 AND BH60ML | G26: MYSURU | H26: 45496 | I26: 45502 | J26: 7
A27: 9728 | B27: Gopal Renasia | C27: Asst. Foreman (Mining) | D27: MINING | E27: WI Training | F27: Orientation Training Course on workmen Inspector | G27: Dhanbad | H27: 45488 | I27: 45500 | J27: 13
A28: 9952 | B28: S K Swain | C28: Operator(HEMM) Gr.I | D28: MINING | E28: SERVICE TRAINING | F28: BH100 AND BH60ML | G28: MYSURU | H28: 45850 | I28: 45856 | J28: 7
A29: 9956 | B29: Suresh kumar Hantal | C29: Operator(HEMM) Gr.I | D29: MINING | E29: SERVICE TRAINING | F29: BH100 AND BH60ML | G29: MYSURU | H29: 45850 | I29: 45856 | J29: 7
A30: 9835 | B30: Amresh Kr Sethy | C30: Operator(HEMM) Gr.I | D30: MINING | E30: SERVICE TRAINING | F30: BH100 AND BH60ML | G30: MYSURU | H30: 45850 | I30: 45856 | J30: 7
A31: 9959 | B31: Mukesh Das | C31: Operator(HEMM) Gr.I | D31: MINING | E31: SERVICE TRAINING | F31: BH100 AND BH60ML | G31: MYSURU | H31: 45850 | I31: 45856 | J31: 7
... A59: 10411 | B59: R K Nayak | C59: Operator (HEMM) Gr.III | D59: MINING | E59: SERVICE TRAINING | F59: Ripper- Dozer Komatsu | G59: Singruli | H59: 46209 | I59: 46215 | J59: 7
A60: 9038 | B60: M R Rout | E60: Supervisor Statutory Training | F60: The OSHWC-2020 | G60: Kolkata | H60: 46214 | I60: 46220 | J60: 7
A61: 9723 | B61: Pintu Jena | C61: Sr. Mining Mate Gr.I | D61: MINING | E61: Supervisor Statutory Training | F61: The OSHWC-2021 | G61: Kolkata | H61: 46214 | I61: 46220 | J61: 7
A62: 10356 | B62: S K Mohanty | C62: Jr.Foreman(Mining) | D62: MINING | E62: Supervisor Statutory Training | F62: The OSHWC-2022 | G62: Kolkata | H62: 46214 | I62: 46220 | J62: 7

Sheet Compliance
A1: << Back to Dashboard
A4: Training Type | B4: Total Eligible | C4: Total Valid | D4: Total Due / Pending | E4: Compliance %
A5: Refresher | B5: =COUNTA(Refresher!A4:A5000) -> 304 | C5: =COUNTIF(Refresher!G4:G5000, "Valid") -> 202 | D5: =B5-C5 -> 102 | E5: =IF(B5=0, 0, C5/B5) -> 0.66447368
A6: First Aid | B6: =COUNTA(First_Aid!A4:A4998) -> 474 | C6: =COUNTIF(First_Aid!H4:H4998, "Valid") -> 321 | D6: =B6-C6 -> 153 | E6: =IF(B6=0, 0, C6/B6) -> 0.67721519
A7: Fire Fighting | B7: =COUNTA(Fire_Fighting!A4:A5000) -> 476 | C7: =COUNTIF(Fire_Fighting!G4:G5000, "Valid") -> 0 | D7: =B7-C7 -> 476 | E7: =IF(B7=0, 0, C7/B7) -> 0
A8: Supervisor | B8: =COUNTA(Supervisor!A4:A5000) -> 44 | C8: =COUNTIF(Supervisor!G4:G5000, "Valid") -> 0 | D8: =B8-C8 -> 44 | E8: =IF(B8=0, 0, C8/B8) -> 0
A11: Refresher Due Year | B11: Employee Count
A12: 2026 | B12: =COUNTIFS(Refresher!F4:F5000, ">=2026-01-01", Refresher!F4:F5000, "<=2026-12-31") -> 71
A13: 2027 | B13: =COUNTIFS(Refresher!F4:F5000, ">=2027-01-01", Refresher!F4:F5000, "<=2027-12-31") -> 54
A14: 2028 | B14: =COUNTIFS(Refresher!F4:F5000, ">=2028-01-01", Refresher!F4:F5000, "<=2028-12-31") -> 43
A15: 2029 | B15: =COUNTIFS(Refresher!F4:F5000, ">=2029-01-01", Refresher!F4:F5000, "<=2029-12-31") -> 39
A16: 2030 | B16: =COUNTIFS(Refresher!F4:F5000, ">=2030-01-01", Refresher!F4:F5000, "<=2030-12-31") -> 31
A17: No Data / Pending | B17: =COUNTIF(Refresher!F4:F5000, "") - (5000 - COUNTA(Refresher!A4:A5000)) -> 63
